蒸汽进装置流量,稳定塔下部温度,蒸汽进装置压力,燃料气进装置流量,待生吸附S,原料进装置流量,精制汽油出装置流量,反应器底部温度,待生吸附-焦碳,循环水出装置流量,D105流化氢气流量,净化风进装置流量,原料泵出口流量,稳定塔液位,反应器上部温度,净化风进装置压力,氮气进装置压力,D107提升氮气流量,精制汽油出装置硫含量,原料饱和烃,轻烃出装置流量,3#催化汽油进装置流量,循环水进装置流量,0.3MPa凝结水出装置流量,原料硫含量,原料密度,原料辛烷值,燃料气进装置压力,氮气进装置流量,污油出装置,产品辛烷值,产品硫含量
1458.33995,129.841715,0.852579265,479.09387,7.3,124.98168,111.21348,421.608145,2.32,390.00821,0,97.2439995,133.91172,55.0110755,424.6159,0.5154883,0.99449502,24.994936,-0.110001138,53.23,1813.5618,66.47259,397.2652,5361.62645,188,726.0857143,90.6,0.42700864,476.208445,2.11397955,89.22,3.2
1142.1792,129.844145,0.876448975,470.98357,7.34,125.1108,110.524815,417.92783,2.37,392.142255,0,100.028165,134.031585,54.996157,420.953385,0.513332205,0.99675382,24.9452525,0.241799185,52.3,1860.659,68.2789965,398.99598,5394.2922,169,731.3,90.5,0.420079665,453.687235,0.462973123,89.32,3.2
1025.87479,129.636925,0.85367739,433.017815,7.27,124.944665,111.57509,420.003515,2.43,395.394695,0,98.516146,133.862665,55.0218925,423.941065,0.516845365,0.9971267,24.943916,-0.040036152,52.3,1915.38625,67.8588885,402.39463,5349.3918,177,729.6142857,90.7,0.42326748,454.13806,0.219469375,89.32,3.2
967.85234,130.942725,0.856232985,440.395785,7.35,124.99319,111.388275,419.964775,3.08,391.422635,0,99.2776665,133.91116,55.0417475,423.722805,0.51460168,0.99550596,30.01942,-0.199543679,52.3,1896.60365,71.1854825,398.36981,5342.5033,159,725.4,90.4,0.414561535,467.95172,2.465470585,89.02,3.2
932.608515,130.758655,0.86264054,411.576765,6.58,124.863985,111.533045,422.128935,2.45,391.664825,0,98.592974,133.18754,55.0268465,427.132,0.52008105,0.99772534,30.023117,-0.18708555,52.24285714,1915.15845,69.551907,398.89097,5208.63935,173,725.4285714,89.6,0.417212175,470.47051,0.214852965,88.32,3.2
861.81653,130.03224,0.825375535,424.293325,6.32,125.042225,109.475725,422.130715,2.31,392.993985,0,102.3195215,133.42599,54.9639805,426.438005,0.51994858,0.996091675,30.0500455,0.916841588,52.1,1295.7642,69.4133875,400.513185,4926.6344,163,725.5,91,0.41929653,454.8152,0.69517476,89.59,3.2
796.45138,128.945935,0.833732665,430.14357,6.423333333,124.95324,109.581205,421.30184,2.38,390.99462,0,102.3450955,133.37827,54.997381,425.479815,0.521499845,0.995461865,30.095664,-0.032722599,51.35714286,1327.63605,68.3001065,398.505235,4916.36325,209,725.5,90.4,0.417777015,455.23862,0.2665234,89.2,4.6
1080.45445,130.27519,0.87259316,483.321605,7.81,124.87134,109.006855,418.672555,3,389.743035,0,99.6039695,133.39277,55.0200745,421.43433,0.375682965,0.995394605,30.0985235,2.5180886,49.5,1126.23385,69.4070205,395.542725,4725.2411,195,725.5,90.5,0.43244588,457.54293,0,89.2,6.6
1243.92635,129.974855,0.811643965,450.16538,6.72,124.847525,109.97484,420.2229,2.32,388.223575,0,100.8372965,133.180335,55.0006265,423.912025,0.499675515,0.99579953,30.01601,0.900767894,49.85714286,1265.68075,68.5751,393.61722,4804.6154,165,725.4428571,90.4,0.511090685,294.99632,2.643931895,89.3,3.2
1221.26315,129.047965,0.953136015,450.20108,6.72,124.862115,109.336705,420.01831,2.32,388.324,0,102.1238625,133.314025,54.938745,423.672715,0.51712563,0.995472105,30.010455,0.568016388,50.21428571,1019.19925,69.5807695,394.214475,4854.6814,159,725.3857143,90.2,0.45421661,449.79312,1.93029435,88.8,3.2
1489.93715,127.46958,0.886478465,462.12989,6.155,120.023765,106.50636,418.03235,1.99,393.137845,0,104.064185,128.65508,54.999885,420.758375,0.513760855,0.99477419,30.043836,-0.104550813,52,1243.3778,0,399.280125,5052.58755,85,725.1,90.2,0.414755555,482.09384,0.03892338,88.9,3.2
2305.7632,127.868155,0.786555085,480.45704,5.379,119.989905,105.89537,418.05705,2.01,390.73031,0,100.604301,128.553385,54.9492475,420.80792,0.518386025,0.994984245,29.9581395,0.810002259,53,1178.51965,0,397.147,6167.5641,117,723.5222222,90.2,0.41536509,510.3672,0.62178886,88.9,3.2
2969.43835,125.381175,0.801877135,491.9229,7.56,120.04469,107.351725,417.941855,1.74,410.415655,0,98.870778,128.60749,54.956929,420.88983,0.52732087,0.9947877,40.049035,1.026460555,55.5,0,0,417.876875,4502.27835,103,719.5777778,89.2,0.423575585,581.589035,1.434318685,87.7,6.3
3068.70785,128.889005,0.75993511,458.865155,6.32,119.94938,105.0664855,419.47705,2.06,412.635705,0,98.7427025,128.546715,55.0186265,423.46459,0.528689425,0.99436846,40.0810795,2.499095295,56.5,0,0,420.0646,4514.63505,83,718,86.8,0.41666962,491.06427,0.401310085,85.4,3.2
1914.8832,123.887855,0.84430645,454.991555,7.22,120.142925,107.43181,418.439935,2.03,417.31741,0,107.659597,128.73371,55.052806,421.774355,0.52957625,0.993428495,39.920242,0.203674697,55.7,0,0,424.07148,4526.573,121,715.1,87.8,0.488206465,519.353855,1.58603375,86.1,3.2
1437.5144,124.507525,0.92067383,440.1785,7.28,120.195895,107.07688,420.349105,2.06,414.65911,0,103.531421,128.606845,54.9482635,424.610875,0.539323535,0.995665935,39.941292,-0.122403849,56.55714286,0,0,422.2704,4581.6383,115,716.3,88.4,0.411720385,523.88905,5.07420225,86.7,3.2
1785.14815,123.74407,0.86680027,451.79189,7.52,120.087385,106.90185,419.45312,1.74,414.63937,0,104.3729,128.46753,54.973537,423.18777,0.52201366,0.993758155,40.013156,-0.315614115,57.2,0,0,422.404775,4546.96265,77,717.2,87.2,0.41545636,520.30647,2.49564569,86.1,4.4
1945.4543,124.040975,0.704118485,465.653325,7.46,119.84241,106.813565,420.235245,1.76,415.248795,0,103.2886975,128.349765,55.000629,423.713675,0.533216125,0.99290867,39.984785,-0.310135805,56.34285714,0,0,422.6477,4540.05865,108,719.6,88,0.411515795,538.85587,0,86.49,3.2
1682.85435,124.400985,0.739919745,479.153965,7.673833333,124.903575,112.46358,419.465025,1.755,416.515495,0,103.530525,133.421435,55.054921,423.57912,0.52301399,0.993801765,40.021752,-0.32023025,55.91428571,0,0,424.603925,4475.5709,98.17,720.8,88.2,0.41541516,524.62943,1.60719915,87.09,3.2
1338.56415,124.87962,0.935475315,482.39031,7.18,130.02901,118.57794,419.55963,1.64,417.164505,0,100.2981895,138.437615,54.9985495,424.10625,0.521859705,0.993935325,40.0374535,-0.313639765,55.7,0,0,424.521905,4549.13365,117,721.4,88.8,0.41444801,530.83085,2.00409165,87.59,3.2
1723.81835,124.9698,0.80402405,488.994935,6.754881944,129.86937,118.65442,418.85777,1.669868056,415.901055,0,102.0521715,138.46406,55.0529,423.572555,0.525686535,0.9985128,40.0787815,-0.314251355,56.41428571,0,0,424.21134,4500.7443,111,722.2571429,88.1,0.417028175,507.105395,1.893474075,86.59,3.2
1787.39935,125.595185,0.830068245,520.41351,6.83,133.118125,121.779455,416.634165,1.71,416.039855,0,103.1444325,141.584265,54.957522,420.74302,0.52924273,0.99509737,40.129405,-0.298205941,56.7,0,0,423.81358,4511.9544,57,722.6,88.2,0.4171942,505.118035,2.9937402,87.19,3.2
1175.81905,127.213415,0.90408394,472.76831,6.99,132.75857,119.88528,419.289065,1.66,420.42688,0,101.1764435,141.35239,55.0199815,423.72459,0.514289115,0.99272409,40.0024525,-0.181495455,56.58571429,0,54.0182445,428.73584,4583.71595,148,722.6,89.6,0.41195282,508.610305,0,87.99,3.2
1798.84835,126.892075,0.836911205,463.96339,6.73,132.985425,120.60164,420.108585,1.63,422.566985,0,101.9994445,141.546065,55.0043755,424.868775,0.51133317,0.993785075,39.941515,-0.30766056,56.5,0,53.9113745,431.176865,4618.46725,131,722.6,89,0.41697365,507.4962,0,87.59,3.2
1691.20235,125.89975,0.865951155,448.07586,6.95,132.87022,120.745,420.366915,1.62,480.892715,0,101.695763,141.46297,55.040375,425.88319,0.510730865,0.995105315,40.009778,-0.30073689,55.12857143,0,53.929398,490.436935,4596.4395,222,723.7428571,89.3,0.41662882,501.17589,1.95388572,87.89,3.2
1451.90785,126.62201,0.866341435,465.3616,6.94,134.204465,122.38003,419.514775,1.01,480.8049,0,100.972112,142.409455,55.060081,424.457065,0.511918745,0.993818915,45.1573405,-0.281994328,54.1,0,53.475061,490.581815,4651.5628,125,724.6,89.2,0.41676497,515.951715,0.569909635,87.69,3.2
1561.70085,126.61391,0.80355632,480.78013,6.55,133.906675,121.961355,418.93578,1.63,483.540485,0,107.6634375,142.3076,55.0459035,423.681725,0.51507206,0.99465316,45.0237075,-0.30095939,55.18571429,0,56.335809,493.350915,4564.50455,156,724.6,88.7,0.42150775,519.03951,1.046215365,87.29,3.2
1615.1985,126.09488,0.872209125,488.375085,7.31,134.096015,120.30518,419.00447,1.68,482.165645,0,117.476625,142.554665,55.030411,423.671385,0.520333505,0.995104305,44.972383,-0.255521037,56,0,57.089999,493.198445,4533.7025,170,724.6,89,0.420944065,514.50431,2.0858858,87.89,3.2
1395.38265,126.826805,0.81436992,468.585315,8.665,133.9491,122.35014,419.054665,1.79,485.739475,0,108.224044,142.362945,55.010277,424.733435,0.513594655,0.993806865,44.871589,0.329645782,55.80952381,0,54.378896,496.19668,4598.02005,206,724.6761905,89.7,0.417359465,513.636775,3.91126255,88.29,3.2
1421.445,126.681645,0.800147765,466.76285,8.083333333,135.078625,123.42903,418.880355,1.736666667,486.568825,0,109.2532335,142.330465,55.0411905,423.48206,0.51052424,0.9942284,44.782612,-0.273430115,55.66666667,0,53.2592,496.532605,4615.06575,185,724.7333333,89.2,0.42479295,508.397445,0,87.99,3.2
1232.22015,126.911325,0.87693217,490.30372,7.98,135.17519,123.088555,418.351025,1.73,483.18259,0,112.48848,142.25151,54.9984185,422.759705,0.51538592,0.994197345,44.986579,-0.29559319,55.47619048,0,53.5946335,493.997845,4564.50345,172,724.8095238,89.1,0.4207595,523.5835,82.307749,87.39,3.2
1554.96185,126.527715,0.833597035,472.75661,7.636666667,135.359385,124.877735,420.316495,1.796666667,483.29888,0,109.71075,142.311965,55.0492435,425.92326,0.51299349,0.993974275,44.89612,-0.272818397,55.33333333,0,51.2876555,493.67986,4562.2682,133,724.8666667,88.5,0.426357555,526.76178,4.58829365,87.09,3.2
1440.2242,126.29743,0.907429285,468.485495,8.34,135.138325,124.465815,419.88943,2.05,484.310355,0,111.72275,142.19197,54.975169,425.14091,0.512634,0.99571371,45.061033,-0.192146587,55.14285714,0,52.8080795,494.024855,4611.0522,189,724.9428571,88.4,0.43144943,516.02094,26.960709,87.29,3.2
1358.41305,126.590775,0.8837543,481.362265,7.81,135.24853,125.38187,419.84256,1.75,483.100585,0,113.28933,142.313755,55.0185515,425.00846,0.511855865,0.99334364,44.8525305,-0.20149019,55,0,53.808717,492.982375,4570.5396,144,725,88.1,0.41713427,521.39469,1.341395195,87.19,3.2
1646.94595,125.93915,0.85400802,464.440695,7.203333333,135.109545,126.13859,420.419435,2,483.80905,0,112.18487,142.247795,55.035586,425.7238,0.507214735,0.994309985,44.927597,0.016025166,54.51428571,0,53.3745175,493.52725,4596.74695,210,724.7714286,88.7,0.43273618,521.552075,0,87.59,4.8
1353.1861,126.898805,1.27955955,464.79784,7.75,135.390225,127.38643,420.490785,1.813333333,481.30546,0,115.732005,142.401205,55.003858,426.15888,0.51471889,0.993938575,44.8375305,0.172946327,54.15,0,55.415424,491.12629,4574.5112,137,724.6,87.5,0.41778998,519.650825,0,86.09,3.2
1084.8625,127.28412,0.87742063,474.06473,8.336666667,135.209685,128.273485,419.849025,1.733333333,480.752095,0,113.521315,142.327525,54.9422715,424.85552,0.518652955,0.992933195,44.98138,0.205176112,53.66428571,0,53.634502,491.09691,4565.3272,168,724.3714286,89.4,0.412912535,550.11962,0,88.09,3.2
1051.6862,127.351265,0.885947215,464.75247,8.61,135.351725,129.498855,420.47031,2.23,480.18436,152.35724,117.450261,142.49282,54.950751,425.525905,0.519221105,0.99295596,45.085841,0.052759599,53.3,0,57.3753345,489.9533,4570.1413,154,724.2,89.1,0.41625506,564.41309,0,87.79,3.2
557.62407,122.028445,0.796349535,445.05777,6.33,135.184115,126.71997,421.83721,1.72,499.60792,0,114.8376015,142.32506,55.587157,428.614985,0.508414865,0.993704845,45.158853,-0.28338518,53.6,0,55.694675,510.102375,4541.7849,230,724.2,89.5,0.408227995,571.33675,0,88.26,3.2
468.608185,122.372215,0.83175815,464.92836,6.45,135.021865,128.76046,420.25394,1.88,479.55346,0,118.3494095,142.258825,55.6073105,425.952855,0.51509358,0.992479235,45.152753,-0.17893784,51.31428571,0,56.9431215,489.400255,4593.58065,236,725.8857143,89.7,0.409546455,591.15652,0,88.26,3.2
1051.181705,127.882435,0.81017045,455.10972,6.46,135.361075,130.480455,421.79112,1.79,483.23067,0,114.82966,142.38047,55.044846,427.79624,0.502613675,0.993802685,45.140549,-0.28841866,49.6,0,59.3943225,494.15667,4491.58785,236,727.15,89.2,0.410015205,578.446685,0,87.66,3.2
851.767795,125.236655,0.84446849,470.134055,9.13,135.02412,135.282645,419.319885,1.92,476.010325,0,118.0396795,141.010535,46.0848835,424.498365,0.50684562,0.993389965,45.09907,4.83592325,50.34285714,0,53.190323,485.958405,4557.078,204,728.8357143,89.8,0.40414705,518.319185,0.03521526,88.58,7.4
878.359345,118.99471,0.810060935,443.040395,8.33,135.04137,130.597895,424.377905,1.88,479.606545,0,116.137672,141.040475,46.001344,431.195185,0.50718155,0.99392602,44.733515,-0.27334624,50.9,0,49.9080885,488.9052,4584.6563,172,730.1,89.6,0.403390615,524.594915,0,88.06,3.2
678.09189,117.495255,0.841557955,434.136985,8.79,135.03261,135.71002,420.91963,1.74,491.08886,0,120.63602,141.113985,46.0231285,426.63404,0.514859495,0.994352695,45.07196,-0.191645922,52.32857143,983.751805,50.4508455,500.688705,4584.8229,179,729.5285714,89.5,0.420638945,525.30384,0.448275905,88.1,3.2
917.65474,123.59581,0.83218313,473.174865,9.43,134.933215,135.300745,419.87351,2.92,486.666405,0,109.5381875,141.04908,54.959268,424.1333,0.502262535,0.9942349,45.1065425,4.83583915,53.4,977.50366,49.3992475,497.41268,4587.1487,275,729.1,89.7,0.420476985,503.315545,0,88.5,7.6
1014.428265,123.01303,0.811065535,486.255245,8.61,135.104355,135.07695,419.265235,2.52,485.06673,0,111.391979,141.11935,53.894833,422.910525,0.519377665,0.996180695,44.996071,3.4594765,53.34285714,972.05256,51.749537,494.567805,4478.2035,216,729.1,89.5,0.421757245,501.360815,0,88.3,8.4
503.689235,119.798655,0.8373451,442.623155,8.75,134.95167,135.9959,422.919845,1.73,481.34667,0,116.562335,141.04687,55.006344,428.882775,0.52205334,0.99559084,45.078192,-0.173932304,53.3,972.35076,51.315381,491.930245,4577.6246,286,729.1,89.6,0.414299255,520.341445,0,88.3,3.8
653.431065,119.84615,0.82311612,495.646285,9.04,135.11751,136.40583,419.4106,2.08,477.57945,0,110.9862075,140.97708,55.008143,423.224185,0.510928605,0.993154475,44.976681,8.74168365,54.15714286,1003.20586,50.019907,487.76068,4517.8741,209,729.1,90,0.41274671,511.047555,0,88.8,8.6
284.8948,118.502595,0.857708285,499.428755,8.97,134.99044,136.17987,418.21555,1.84,472.030585,0,112.760575,141.03777,55.0086445,421.58301,0.512483935,0.99523507,44.9273575,3.8788782,54.8,1020.74805,51.630187,481.77059,4561.4338,264,729.1,90.2,0.408370825,520.32575,0,89.1,7
408.310905,118.661695,0.84760639,498.293205,9.26,135.018435,135.62626,417.63589,1.98,470.15281,0,118.320865,140.994455,54.9848925,420.57607,0.51036081,0.99360883,44.7943335,1.245283418,57.44285714,1036.7312,50.7218425,479.386945,4566.2136,132,727.3285714,89.6,0.40387419,529.84424,0,88.6,4.2
502.35115,117.487185,0.837307705,489.991285,9.41,134.953125,136.177915,419.002885,3.45,471.708455,0,117.717655,141.10821,54.9642775,422.172255,0.51557606,0.99520688,44.7845955,1.24656258,59.5,1046.40965,51.5241115,480.72189,4584.4762,221,726,89.6,0.409508065,520.29538,0.159394015,88.42,4.8
693.44329,119.412905,0.836218215,503.190165,7.92,135.236955,135.067865,419.275265,1.67,411.61875,0,115.329975,141.13735,55.0138395,422.499375,0.51384561,0.99366353,42.839691,-0.239503675,58.52857143,1057.4691,53.8490735,419.95321,4498.14205,126,726,90.1,0.411126095,562.171475,0,88.7,3.2
507.017725,118.66554,0.837994165,485.22484,9.76,134.835885,135.276305,418.450405,3.13,418.12348,0,119.206275,141.24896,55.0191475,421.82032,0.51489085,0.99461701,42.998618,-0.264753245,57.8,1068.74885,55.4933725,426.445925,4530.3699,199,726,90.2,0.4083033,531.91693,0,89,3.2
132.65074,122.15613,0.836428045,479.698025,9.13,135.15787,136.11291,418.231465,2.78,414.025225,0,109.926638,141.48891,55.0072335,421.71669,0.51765909,0.994894305,43.155458,-0.188364447,58.6,1057.97925,59.707271,423.23044,4514.42225,144,725.7142857,90.1,0.422645915,531.470675,0,88.9,3.2
348.311795,119.749035,0.82920582,477.95531,9.97,135.05346,136.27951,418.887715,3.2,416.387505,0,115.337245,140.79663,55.0271815,423.014485,0.512740845,0.993000465,42.9332205,-0.248624538,59.2,1090.93535,52.151061,424.018085,4501.99235,101,725.5,89.8,0.412228455,535.60904,0,88.6,3.2
457.235045,122.186385,0.82723904,492.74234,9.01,135.258315,135.45142,418.53522,2.53,414.533325,0,108.186415,140.35504,55.002076,422.42735,0.509494215,0.993134055,42.979338,-0.27101004,60.91428571,1051.3931,60.5849,422.77911,4493.0313,169,725.5,89.6,0.41180238,578.57812,0,88.2,3.2
290.521745,119.98895,0.814411465,492.34881,8.66,134.91625,136.49784,417.65148,1.64,406.257035,0,106.847974,140.125915,54.979029,420.856775,0.508933485,0.994550215,43.0130395,0.07456119,62.2,1071.6917,56.7328675,414.42229,4473.96385,241,725.5,89.4,0.411204185,532.376335,0,88.3,3.2
517.789505,119.200105,0.7984828,444.629515,8.58,130.00707,137.734685,420.45385,1.57,407.16382,0,109.96226,138.3734,55.030039,423.292285,0.510828065,0.99439533,43.128473,-0.090201922,62.88571429,1062.27055,58.35403,416.03888,4488.94785,244,727.0428571,88.7,0.40807776,540.4673,0,87.45,3.8
620.704405,126.41227,0.812314395,412.7557,8.31,119.95395,127.231545,422.08908,1.78,406.24533,0,115.36315,128.41463,55.0212445,424.522945,0.50986075,0.99427941,43.065855,0.025730008,63.4,1050.4477,58.237857,415.085085,4480.1739,263,728.2,89.4,0.41318169,538.176615,0,87.65,3.2
507.60286,124.01301,0.83674679,409.23226,9.16,120.157285,124.66156,422.66863,2.45,405.10364,0,113.74603,128.51138,54.9859135,425.26879,0.506531755,0.993737305,42.962718,0.070723513,62.37142857,0,57.402076,414.15341,4482.6138,225,728.2,89.2,0.414051265,560.07186,0,88.02,3.2
851.10435,128.942675,0.82789642,419.95613,9.35,120.11779,125.353685,422.314695,2.55,407.077345,0,108.365855,128.501425,55.015899,425.118645,0.49720405,0.99437166,43.0268255,1.221645695,61.6,0,57.0098775,416.179475,4453.90935,245,728.2,89.7,0.41158648,557.82017,0,88.02,3.2
862.421595,128.914905,0.84437203,427.16721,9.62,120.097775,124.18686,421.9001,2.68,415.766535,0,108.311765,128.45233,54.9554995,423.995615,0.490299945,0.994484395,43.1785605,1.313551835,59.94285714,0,56.8444675,424.334145,4469.7913,239,726.7142857,89,0.407342655,574.002295,0,87.22,5.8
703.305665,128.66787,0.843987415,417.68872,9.05,120.025385,123.382235,422.178805,1.71,420.028795,0,109.6805205,128.350325,55.0279615,424.322825,0.518440755,0.994179205,43.0692335,0.24368994,58.7,0,55.9622075,428.931455,4452.2828,239,725.6,89.1,0.410641775,568.455265,0,87.52,3.2
902.15176,128.772445,0.83623631,489.890175,8.4,134.97264,137.85183,418.68815,1.64,416.78067,0,109.37065,140.07838,54.992407,422.341765,0.517023235,0.9939075,43.1051645,-0.26180516,58.81428571,0,58.05822,425.31253,4501.7865,172,730.4,88.8,0.41234031,575.130825,0,87.22,3.2
825.934045,127.46137,0.83888215,495.430665,9.78,134.90704,137.878775,417.643015,2.77,418.228175,0,109.594755,139.95871,54.9952845,420.59911,0.511190535,0.99358566,43.043675,-0.140700974,58.9,0,67.896156,426.99941,4488.9397,182,729.5,88.3,0.40980558,570.292575,0,87.22,3.2
760.048385,127.020695,0.91968882,514.826255,9.46,135.14698,138.34476,417.29186,2.1,418.217785,0,109.94901,139.97933,54.9793625,420.21768,0.50525207,0.995875115,43.055466,-0.23366306,58.38571429,0,74.471961,427.55768,4357.60685,156,730.4714286,88.7,0.42070533,509.83555,0,87.42,3.2
1174.04225,129.041775,0.8398332,481.252615,10.62,135.868115,140.659345,419.09867,3.52,420.156405,0,109.5108,141.168275,55.290985,423.39235,0.515548085,0.99664728,42.635534,-0.250918505,58,0,70.588735,428.904735,4361.99565,137,731.2,89,0.41048335,531.724185,0,87.72,3.2
928.687455,127.75668,0.864389785,497.002105,8.06,134.982555,138.9644,418.330985,5.553333333,413.796535,0,109.1865975,140.11533,55.019999,421.496985,0.51800672,0.993465575,42.7849585,-0.258050915,58,0,74.8925465,423.580435,4357.06275,129,728.15,88.5,0.41545504,554.22342,0,87.12,3.2
962.109875,126.98378,0.851356225,485.476175,9.82,134.9897,139.078885,418.77864,2.52,414.20378,0,109.861338,139.960915,55.0346765,422.23024,0.51984844,0.99358288,43.0539265,-0.25379622,58.5,0,81.185602,423.910125,4375.95005,139,725.1,88,0.413466785,584.91059,0,86.42,3.2
2408.7975,125.95042,0.87265015,528.730735,9.92,134.895295,140.37972,417.294965,2.66,416.50958,0,110.30596,139.790585,55.0109625,420.886385,0.50836532,0.99463183,43.081383,-0.23010378,57.3,0,0,425.95828,4387.02125,195,728.05,88.7,0.41296114,569.642205,0,86.92,3.2
1138.7378,127.928655,0.825003975,491.926575,9.96,134.861125,139.18047,421.65456,2.87,415.57759,0,110.677758,139.988365,54.9637195,425.45979,0.51313982,0.993204975,42.9225885,-0.119205201,56.5,0,74.810307,424.990855,4362.29745,201,731,90.6,0.39594153,631.959465,0.06953255,88.82,3.2
1291.8266,127.995,0.80793803,494.48005,9.82,134.891075,138.865685,418.57684,2.86,416.28755,0,107.696697,140.13429,54.9854115,421.05412,0.513604485,0.994110625,42.963085,0.918816111,57.66666667,0,76.869905,425.882785,4450.3075,252,729.3333333,90.8,0.40463024,577.149895,0,89.32,3.2
812.110865,128.004685,0.808430675,394.165515,9.56,109.952865,112.870725,423.03605,3.13,465.250165,164.852595,109.5233465,118.259385,54.9971775,423.66948,0.51843927,0.995150745,43.0848175,7.3357055,58.68888889,0,78.216296,476.880955,4461.16595,183,728.0444444,89.3,0.40607168,575.25561,0,87.9,3.2
867.677035,127.93542,0.807028375,435.527865,9.25,119.960985,123.16364,422.10222,2.76,515.024,0,107.3266795,128.2639,55.0153055,423.81708,0.48741503,0.99374565,39.7505565,-0.061114386,59.2,2.121924,75.8951575,528.43246,4433.9957,169,727.4,88.3,0.40217973,612.044475,0,87,3.2
1344.6532,127.985355,0.826579605,443.20793,8.86,119.99513,122.383225,422.948895,2.52,503.00555,0,103.881454,128.179545,55.07242,425.27535,0.48729111,0.99397657,45.2284485,-0.24284132,59.9,33.16236,76.236905,514.878695,4449.7154,185,724.8,88.4,0.420033295,547.054675,0.15322504,87,3.2
1122.24835,126.95161,0.797754805,469.284235,9.28,134.992915,137.875405,421.31531,2.53,449.802335,0,113.02553,140.115595,54.979622,425.31499,0.524603455,0.99583702,45.082521,-0.229381839,62.2,0,76.598309,459.88536,4462.20625,120,722.2,88.7,0.39285092,541.284435,0,86.9,3.2
958.59753,128.574935,0.81167988,467.419715,9.37,135.096155,136.45176,421.61104,2.4,426.26642,0,106.969775,139.977265,54.844611,425.726475,0.499310475,0.99353143,45.0132195,-0.240839015,57.9,1555.634,75.511732,435.90721,4458.19205,227,728.8,90.1,0.39873315,542.434615,0,88.62,3.2
662.2883,128.441555,0.85640987,481.540175,9.87,135.172305,136.408135,420.623355,2.03,428.552335,0,107.331665,140.255305,54.8570065,424.072395,0.498439235,0.995426645,45.074047,0.059433448,53.6,1488.43585,75.1835245,438.14196,4433.39285,257.3846154,735.4,90.1,0.3961274,546.84628,0,88.72,3.2
729.672375,128.23733,0.82258727,467.48516,9.77,134.98639,136.80065,420.255725,2.02,422.535115,0,105.883111,140.026735,54.8337565,423.87607,0.48905289,0.99491797,44.965619,0.775047952,53.4,1517.1323,75.7270785,430.89583,4415.55515,214,731,89.9,0.397089355,567.58931,0,88.22,4.7
754.72211,128.57574,0.83416921,459.7527,8.47,135.161325,136.78435,420.0565,2.61,425.775385,0,111.882465,139.9157,54.863371,423.51635,0.50301394,0.9942256,45.0153395,-0.151324404,53.2,1534.9883,75.3544,434.59142,4451.31795,241,726.6,89.1,0.3955164,564.864115,0,87.92,3.2
846.34215,128.582305,0.88161004,475.892205,7.97,135.07111,136.539265,420.077415,1.96,423.6243,0,108.757755,140.212055,54.843608,423.693995,0.50950202,0.993670055,45.03804,-0.175962508,54.4,1510.6707,73.6634085,432.527965,4443.2885,242,728.1,88,0.40761105,630.92223,0,87.02,3.2
787.70598,128.486485,0.830354085,471.843375,9.18,134.97262,136.845985,420.477205,2.41,420.465885,0,107.924469,139.897955,54.822251,423.981595,0.50819968,0.99489475,45.0601685,-0.218008565,56.8,1505.4884,74.301157,429.263975,4453.15655,243,727.6333333,88.7,0.411771965,633.2935,0,87.12,3.2
692.424525,126.742835,0.815116035,481.90634,8.07,134.94107,136.94178,419.656365,2.11,422.082,0,108.710567,140.022485,54.8202285,422.645845,0.510212255,0.994366605,44.9853575,-0.062254813,56.4,1530.8612,78.9693205,431.8361,4411.9642,255,727.4,89.3,0.405634115,562.10276,0.1825805,87.72,3.2
610.69417,126.765005,0.91101861,446.38424,8.25,135.02856,137.15996,415.682975,1.8,421.708585,0,108.55658,139.80989,54.8830385,419.368235,0.51692752,0.99403365,44.017991,-0.079885318,56.2,1556.9916,78.3120725,430.582145,4471.84105,249,723.7,87.6,0.401127265,570.14776,1.21508334,85.82,3.2
752.627405,127.20062,0.868167245,469.308255,8.85,134.81874,137.82827,419.324235,2.12,424.526155,0,109.46421,139.87439,54.8080935,422.961725,0.527113685,0.99449507,44.608368,-0.234081535,55.3,1522.3623,73.712896,434.19068,4413.48255,284,723.8,86.9,0.41127392,592.417795,0,85.72,3.2
1802.388,126.26414,0.8179034,475.685245,9.7,134.975325,137.9167,418.894945,1.84,431.73803,0,109.10664,140.219725,54.780928,423.362635,0.51329287,0.993760025,44.1786465,-0.2285475,55.8,1536.6743,0,440.971565,4428.4718,189,724.6,87.2,0.39752414,578.5557,0,85.72,5.1
1179.2756,129.71018,0.824987025,493.153605,9.92,134.998005,136.19463,414.27623,2.02,422.6926,0,110.70914,140.117475,54.8294325,416.69265,0.510822495,0.99516418,44.328004,6.36670395,52.9,1494.7789,72.3350925,432.478435,4432.18595,310,734.4,90.6,0.40832111,573.749275,0,89.62,7.7
976.35424,129.17882,0.839677805,490.03938,9.6,135.01492,137.116005,419.668375,2.11,421.94629,0,109.99745,140.337125,54.865634,422.320965,0.516264565,0.99408882,44.244339,-0.22356963,53.45,1525.81545,72.375596,431.433735,4448.6684,269,729.45,90,0.40627016,575.43711,0,88.82,3.5
1208.67015,129.245015,0.83562466,458.40789,10.64,135.100835,136.65908,416.96507,2.27,421.122155,0,51.57847575,140.201995,54.975912,420.51175,0.508338795,0.99373641,45.929297,-0.063061351,54,1515.8977,70.8120295,430.887965,4444.51225,275.5384615,724.5,90.5,0.407207065,579.672845,0,89.32,3.2
1074.35535,128.698125,0.80813512,467.256165,9.37,134.97766,136.617585,412.255985,2.02,418.552995,0,51.8740675,140.31926,55.000145,415.82025,0.521356095,0.993842535,45.308356,0.641068226,53.625,1528.2457,70.759795,428.3873,4431.88615,255,726.75,90.5,0.40645268,577.73964,0,89.52,3.2
1088.0344,128.98117,0.78631027,476.17089,9.61,134.910255,136.329965,421.43418,2.39,418.380935,0,49.778651,140.03683,55.0069015,425.15404,0.512314775,0.99454045,45.507237,-0.219982456,53.25,1520.4563,71.6450185,427.965375,4427.69055,284,729,90.1,0.40728274,578.159895,0,88.52,3.2
1257.445,129.216225,0.84620587,478.25539,9.61,135.00955,137.409775,419.526025,2.39,421.409275,0,53.048354,140.22687,55.008534,423.02296,0.517595095,0.993729865,45.637276,-0.192563625,52.875,1509.3917,71.1924,430.77538,4428.96525,248,731.25,90.4,0.40693868,595.2493,0,89.32,3.4
1245.4134,129.29625,0.85579969,472.657145,8.12,134.968145,136.89186,423.48759,1.85,418.07779,0,50.53331,140.43955,55.017105,427.00177,0.520719495,0.993627875,46.125919,-0.16867644,52.5,1487.863,70.9931585,427.52933,4438.82525,287,733.5,91.6,0.407285335,597.959715,0,90.22,3.2
1503.9281,128.285185,0.847104545,490.655205,8.7,134.951505,135.79438,419.064785,1.87,414.886005,0,49.915474,140.09811,54.9783615,422.39609,0.520185655,0.99499634,45.457768,0.14280208,50.45,912.87073,71.835403,424.686525,4468.5287,279,728.2,91.5,0.411114215,582.176455,0,90.2,6
1383.7436,128.716635,0.83948788,473.24826,8.77,134.959165,136.792045,418.48157,1.94,414.73621,0,46.649966,140.244625,55.036979,422.15644,0.514232915,0.99448666,46.150648,-0.100268463,48.4,1019.65695,71.231146,424.099515,4469.4917,286.6923077,722.9,91.5,0.40791061,579.687505,0,90.2,3.2
1413.2674,128.91945,0.845108055,473.46757,8.92,134.70428,136.045485,420.13529,1.98,421.29539,0,37.21518175,140.299415,54.977359,423.89867,0.5185539,0.99409942,46.0228615,-0.083917322,49.1,1009.61709,70.410203,431.0305,4426.371,286.6442308,728.5,91.3,0.40526257,583.751755,0,90.2,3.8
940.19476,129.126925,0.85911001,449.235425,8.59,135.125315,134.31248,416.3085,1.78,407.41757,0,43.968109,140.56555,55.030632,420.26832,0.512524185,0.99397335,45.542244,-0.149377545,49.8,1112.32805,71.1326585,416.76456,4445.82645,286.5961538,734.1,91.5,0.41285577,580.155145,0,90.3,3.2
1170.94375,127.63791,0.83201517,469.537575,8.55,134.953505,137.121245,416.83051,1.74,409.19596,0,40.5381025,140.529955,55.025696,420.346905,0.51476972,0.993724315,46.0986995,-0.022878545,48.4,1073.4525,70.5661015,418.201225,4452.9087,275.4423077,734.1,91.3,0.40535551,584.88698,0,90.1,3.2
1348.077952,127.7900238,0.834029405,459.8717286,8.74,134.8349476,136.9181857,422.187919,1.92,407.0100286,0,44.79538333,140.3130571,54.97378667,426.6046476,0.51592379,0.993988743,46.06608952,-0.22209839,49.7,1045.169967,71.55177381,415.9004095,4461.135,263.6538462,730.2,91.1,0.407172476,583.0822095,0,89.9,3.2
1589.459,129.38341,0.848951695,471.304965,8.48,135.10243,137.98819,422.564225,1.73,423.53325,0,44.725147,140.58526,55.047871,426.26774,0.516492005,0.994261805,46.0363125,-0.2180912,50.05,1054.6705,71.3583205,432.870415,4554.56755,262.4038462,729.9,91,0.406693445,579.360025,0,89.7,3.2
1284.07015,129.342285,0.846627605,465.566555,8.42,135.17155,136.78529,423.76307,1.97,416.075,0,40.5897005,140.410825,54.963886,427.430385,0.52175841,0.99402345,45.74993,-0.218341485,50,1377.50955,72.0446575,425.40791,4501.1647,259.3846154,733.5,91.7,0.41606643,580.581575,0,89.92,3.9
1066.215015,128.01247,0.848243005,442.57474,8.61,135.012505,136.727355,420.3569,2.19,405.70015,0,37.533924,140.458775,54.9663915,425.391435,0.51769878,0.993702085,45.504751,-0.21686759,49.3,1423.42405,69.2001625,414.85224,4548.87555,259.0384615,731.4,91.6,0.406781,582.389955,0,90.42,3.2
1209.5037,129.1197,0.83988082,422.5463,8.54,134.93216,137.505055,420.715165,2.26,389.75325,0,48.73855195,140.343635,55.0374425,425.689615,0.51892265,0.993917225,45.4826175,-0.21561618,48.6,1435.7653,69.390881,398.383305,4533.7785,258.6923077,729.3,91.4,0.404256855,585.04625,0,90.12,3.2
1199.665,129.897705,0.851810035,476.159555,8.79,135.07853,137.401615,419.240755,2.35,385.500925,0,46.4938145,140.48709,54.992223,422.88548,0.51911055,0.993664525,45.8175325,0.135516784,48.45,1403.39225,70.0367505,394.31741,4542.30805,261.7692308,730.75,91.2,0.406799175,607.47249,0,90.12,4.1
1387.88085,129.477435,0.85590533,478.399935,9.27,134.9682,137.57304,420.758915,1.87,386.255235,0,49.6263955,140.409765,55.0629015,424.628125,0.520427355,0.99289477,45.5120115,-0.194648739,48.3,1400.6054,70.357595,395.15268,4526.91875,264.8461538,732.2,91.2,0.40605536,609.78023,0,89.82,3.8
1257.95065,128.633325,0.845884455,483.986165,8.36,135.167245,135.82076,420.595855,1.98,385.462945,0,51.0375139,140.690965,54.965093,424.227885,0.518721405,0.99355646,46.0421415,-0.13844828,48.8,1358.54405,71.005496,393.837325,4554.88865,260.9230769,729.55,91,0.4049797,608.422555,0,89.72,3.2
1063.996,128.72302,0.89910244,475.482645,8.51,135.32928,136.976485,423.8038,1.65,389.986995,0,39.87277825,140.52158,54.990032,427.280795,0.51889948,0.99377859,45.5976395,-0.165867018,49.3,1417.56635,71.7668225,398.9988,4569.74305,257,726.9,91.2,0.40683535,605.47186,0,89.52,3.2
1376.2283,128.878005,0.87348322,461.379875,8.68,134.941305,137.22983,419.39569,1.73,384.05475,0,42.268894,140.244495,55.02668,423.49242,0.519971235,0.991816105,45.3755855,-0.20265713,50.4,1748.4833,71.139872,393.470385,4508.58885,263,729.35,90.6,0.41485053,652.79123,0,88.92,4.5
1396.2349,128.01219,0.88017983,476.28573,9.1,134.98544,137.025705,423.0483,1.88,386.279995,0,29.9511696,140.54349,55.0439195,427.11597,0.51837621,0.992480165,45.777005,-0.202573635,51.5,1731.9655,72.4994415,395.541405,4553.6524,269,731.8,91.2,0.41264543,648.959265,0,89.92,3.2
1322.8649,128.643985,0.88878299,458.57809,8.49,135.154505,136.313875,416.989225,1.69,385.139205,0,49.9989715,140.592605,54.9676725,421.214625,0.526649035,0.995497585,45.1731265,-0.154771581,51.5,1756.7436,72.354563,394.368275,4537.2219,250.5,728.9,90.5,0.416489155,531.8887,0,89.2,3.2
1322.0486,129.085765,0.85420121,445.549115,7.97,135.0502,136.268695,417.366545,2.15,383.83865,0,36.0785688,140.40494,54.991108,422.138645,0.51653726,0.99433872,46.6063475,-0.193675006,51.5,1808.202,71.558881,392.67204,4549.9483,232,726,90.4,0.39445466,532.15665,0,89.2,3.2
991.401245,125.055555,0.869107153,466.08425,9.37,134.9074925,137.5678275,419.5533975,1.6,386.3142525,0,38.71623408,139.48821,55.0009535,423.9311075,0.51230216,0.99335891,44.49821525,-0.091578139,51.6,0,74.51669525,394.812005,4539.9755,300.8571429,731.7,90.9,0.396820023,537.4612075,0,89.5,3.2
1052.714744,124.5925256,0.852787713,504.3805385,8.66,134.9645154,138.4697744,421.0528692,2.22,406.2758436,0,63.45408641,139.8394821,55.01790769,424.6672949,0.505431356,0.993986672,44.74901436,1.188946467,51.6,0,74.38635974,417.0264846,4499.327769,300.8571429,731.7,90.5,0.407005864,541.9157077,0,89.3,3.3
1056.276225,124.3958375,0.882808743,469.3378175,8.71,135.0757675,138.5513075,415.914155,1.6,408.5705375,0,58.28422495,139.1489325,54.99806625,420.5242575,0.51885783,0.993421708,44.3375215,0.844498279,51.6,0,74.8251145,420.1660425,4505.276325,300.8571429,731.7,91.3,0.40286244,556.2952775,0,89.72,3.7
900.0893625,124.7055125,0.881762575,487.734055,8.56,134.9960775,138.40972,423.8371425,3.39,399.9919875,0,63.32594125,139.1737625,54.997019,428.0329175,0.513021305,0.994566645,44.8178665,0.103523221,54.8,0,74.382196,427.49314,4550.226825,241.2857143,728.5,91,0.402656258,547.1520675,0,89.7,3.4
651.2704775,117.5678675,0.877782115,480.7064,9.69,135.0150525,131.89771,421.354995,2.47,414.59467,0,57.7654465,139.3171025,54.97728675,425.7481675,0.52884208,0.99355998,44.6289655,0.010102365,55.4,0,72.99023375,423.911615,4544.897475,240.2857143,730.3,91,0.405014208,539.9212775,0,89.76,3.2
863.6858575,124.907275,0.879443853,453.4189025,7.83,135.0690525,136.0366375,417.20186,1.55,417.3202825,0,66.67578575,139.36069,55.00664,422.0767725,0.53859247,0.995020848,29.66803075,0.523990615,55.4,1331.965,73.402701,427.24407,4576.862725,240.2857143,730.3,91.1,0.401630983,547.9482,0,89.89,3.2
844.4238325,123.9513875,0.859620035,465.7775075,7.59,134.9891875,136.0328475,422.4320075,2.38,414.7745625,0,74.67496175,139.4194225,54.99935775,426.593845,0.532410253,0.993823333,29.57722375,-0.054009246,55.4,1354.723875,74.025688,423.967965,4593.790625,240.2857143,730.3,90.6,0.391989503,560.2375475,0,89.39,3.2
888.283855,125.4435725,0.874251435,470.4029225,8.64,134.8082725,136.10993,420.0888175,1.71,425.0207,0,90.61927875,139.3994775,54.995905,424.09578,0.540075325,0.99387388,29.40734075,0.11621803,55.4,1319.127375,74.64054675,434.5882075,4554.910975,240.2857143,730.3,90.8,0.398853353,541.4926525,0,89.69,3.2
829.41164,124.9360925,0.84776101,473.5794025,8.98,134.93429,136.2644725,420.3463125,2.41,425.2485775,0,92.09669325,139.2552325,54.99027425,424.568595,0.53099097,0.993528655,45.16863175,0.140383532,54.3,1468.8645,73.91716575,434.97412,4544.685475,214.1428571,727.7,91.4,0.400354428,554.75839,0,90.3,6.5
953.3172325,125.3503025,0.851452548,455.3305325,10.61,134.982075,137.1189525,418.12962,2.65,425.451915,0,97.906631,139.392265,55.018201,423.1626775,0.534639,0.993625543,44.5793915,-0.192327238,54.3,1542.255375,76.48566125,435.09335,4596.748775,214.1428571,727.7,90.6,0.414322345,543.522725,0,89,3.2
1094.927425,122.6121575,0.866332978,430.533105,8.71,135.54889,138.1318075,416.479795,1.84,425.5901425,0,102.8979173,139.53452,55.01150125,421.735845,0.5349598,0.995035523,44.65618975,0.128008946,54.3,1627.867775,75.312356,435.1385975,4608.003525,214.1428571,727.7,90.3,0.412309338,549.786095,0,89.2,3.2
1530.04265,124.9376025,0.841975078,471.91715,8.69,135.968735,138.099585,420.8786175,2.36,425.18889,0,97.9200885,140.2081725,55.00077575,425.7960925,0.53294679,0.99306281,44.87375675,0.626691571,55.1,1592.7693,74.9681,435.1839775,4581.179025,259.7142857,722.4,90.8,0.4161434,604.29633,0,89.6,3.2
1633.645225,125.366295,0.863089725,462.61989,8.92,135.962685,137.9670675,420.7060525,3.02,425.974925,0,101.7364143,140.0997225,54.99858675,425.4278,0.546282925,0.993178285,44.630688,-0.08470909,55.1,1586.341525,75.97976125,435.7871575,4630.29255,259.7142857,722.4,90.1,0.416270635,599.018815,0,88.9,3.2
1647.567825,124.862335,0.86085568,460.0529225,7.85,136.002965,138.479175,418.4064425,2.17,428.1206725,0,100.8689405,140.13579,55.04184975,422.8614525,0.545762528,0.9925736,44.63841775,0.168803272,56.6,1585.440625,76.17336775,438.27816,4607.2966,279.5714286,727.9,90.2,0.433298953,616.42953,0,88.9,3.2
1675.0098,125.357155,0.911778055,450.88951,8.41,135.943085,137.9542475,419.2272375,2.67,430.3060325,0,101.2269693,139.8277775,55.005786,424.419285,0.540057065,0.993426388,44.92779075,0.468102275,56.6,1605.4124,75.70004875,440.199155,4625.50305,279.5714286,727.9,90.1,0.411359148,586.361365,0,89,3.2
1827.32465,125.3131825,0.867972843,451.793065,7.86,134.9775575,136.5204975,418.23642,2.21,431.13516,0,99.900873,138.6864025,55.00747475,422.9779875,0.53913926,0.992656108,44.94324275,0.664330017,56.6,1597.944375,75.61117725,440.9072625,4630.76655,279.5714286,727.9,90.1,0.398262763,587.647425,0,89,3.2
2083.509875,126.265935,0.841484345,447.39376,7.97,134.9832975,136.251655,420.2141425,2.32,430.27697,0,99.39794375,138.999285,54.97568875,425.6948575,0.540016615,0.992915118,44.9457785,0.014634951,55.9,1572.09955,74.62894725,440.0268875,4612.5714,248,727.8,89.6,0.40424637,589.502005,0,88.5,3.2
2772.6659,126.1625275,0.784592308,453.4416175,8.22,135.0111525,137.14366,417.157175,2.08,431.00969,0,108.3683468,138.5772975,55.04159,422.6433475,0.538801575,0.99144329,44.81241275,-0.033501215,55.9,1820.35935,72.21736525,439.85093,4650.4894,248,727.8,89.6,0.400536398,594.3918125,0,88.7,3.2
2308.23625,126.005605,0.81800107,451.93208,8.13,134.92902,136.368145,418.789705,3.09,430.643285,0,102.6473648,140.1996475,54.9900045,424.1426475,0.537368015,0.992646408,44.76779625,-0.120150598,55.9,1852.760475,73.691509,439.633345,4641.251075,248,727.8,89.7,0.393482788,597.1542075,0.605085825,88.3,3.2
2589.712275,123.3312675,0.94668186,442.58543,8.57,134.9754925,137.695155,413.9667125,1.98,430.944785,0,106.073656,140.3244425,54.99223175,419.4644975,0.537185403,0.992336858,44.7025165,-0.089228242,55.9,0,74.912911,439.8342425,4639.232925,248,727.8,89.4,0.399318655,619.3955625,0,87.8,3.2
2504.049675,124.703315,0.922665983,444.0671125,8.36,134.91989,136.765255,419.4775075,2.47,431.0527,0,107.8285848,140.335525,55.00089725,425.358665,0.530771168,0.993032475,45.081774,-0.18541702,55.9,0,74.01393,440.087415,4678.8814,248,727.8,89.1,0.396026403,594.00229,0,87.59,3.2
2310.440975,124.658965,0.825268105,405.94548,8.57,135.1258675,136.76122,420.1013425,2.53,431.812485,0,111.8783835,140.5414975,54.98129225,426.61955,0.531508863,0.99196475,45.1123055,-0.152950475,55.9,0,74.24065775,441.08671,4696.6507,248,727.8,89.4,0.394334458,596.307665,0,88.09,3.2
2102.2705,125.1392125,0.87136374,442.88634,8.26,135.089055,136.9653775,417.3394425,2.14,430.333155,0,105.034341,140.30746,55.024397,423.6526325,0.53844841,0.99338812,44.7992755,-0.173514263,55.9,0,75.498606,439.6853325,4585.10345,248,727.8,89.2,0.397855793,592.089525,0,87.89,3.2
2448.3841,125.49197,0.830812613,432.5742025,8.24,135.02465,136.78485,416.93129,2.33,424.7671025,0,104.7709503,140.431335,54.9982425,423.03617,0.539508385,0.992479235,44.85391625,-0.184095254,59.3,0,74.65624175,434.0448775,4637.49,172.4285714,723.4,89.2,0.39499972,596.8392175,0,87.39,3.2
2539.986075,126.0513625,0.806746143,448.6765,8.62,135.065255,136.4536825,422.20763,2.54,425.606305,0,115.7371325,140.410565,54.981961,429.02785,0.551419498,0.993571995,44.979206,-0.18042511,59.3,0,74.64577625,434.683355,4656.329875,172.4285714,723.4,88.6,0.40480841,587.160685,0,87.09,3.2
2216.508175,124.4035625,0.856492218,446.5524625,8.75,135.0203075,136.60374,415.5975075,2.33,424.2704,0,112.3721205,140.4109875,54.9987265,421.421805,0.537382115,0.993190593,44.71223125,-0.145872973,59.3,0,75.9163635,433.983925,4618.10685,172.4285714,723.4,89.1,0.409518078,593.05413,0,87.59,3.2
2208.338675,125.1572,0.847992498,451.715625,9.12,134.807575,136.7105,418.9035575,1.65,423.3074325,0,112.8039668,140.0971725,54.9830465,424.7017025,0.550025438,0.993094813,44.787798,-0.194342403,59.3,0,75.53228475,433.604495,4618.286725,172.4285714,723.4,89.3,0.408280595,593.1795475,0,87.59,3.2
1882.94675,125.7387425,0.817161168,451.598475,8.58,134.90517,136.5679475,420.8618125,2.15,421.13616,0,113.6910925,140.1019575,54.95666875,426.3942175,0.51193989,0.99304866,44.5882355,-0.183817153,59.3,0,74.252252,431.07283,4620.0639,172.4285714,723.4,88.4,0.399127593,596.984625,0,87.59,3.2
1855.917725,124.74612,0.795567958,423.1895025,8.67,135.07277,137.7223875,416.722925,2.48,423.6674575,0,114.2287825,140.328575,54.9995895,423.700775,0.542291373,0.994428745,44.63352825,-0.198346988,58.5,0,72.671145,433.3587325,4618.1127,153.4285714,720.8,88.5,0.40550964,543.560535,0,87.09,3.2
1835.1258,125.9194975,0.89212104,455.380595,8.42,135.00823,138.3382075,421.259385,2.21,426.2138625,0,117.1492175,140.10365,55.03499275,427.3459125,0.550119115,0.992909368,44.629937,-0.1593043,58.5,0,80.1809685,436.5049025,4630.181625,153.4285714,720.8,87.6,0.401879613,551.52587,0,86.6,3.2
2895.55155,118.85145,0.721531205,466.06271,8.85,134.9199025,140.6860575,415.8802125,2.45,425.2887725,0,108.5446408,140.1096325,55.040801,421.857275,0.547578008,0.992983533,44.64245925,-0.179367903,58.5,0,0,435.5977625,4603.3585,153.4285714,720.8,85.3,0.411821583,567.7023775,0,85.1,3.2
1809.73815,123.515475,0.8056516,426.55117,7.56,134.9106125,136.464895,421.4330175,2.49,425.256775,0,123.4092873,140.224595,54.961781,428.370295,0.556417005,0.993090328,44.729592,-0.187475928,58.9,0,74.18132125,435.064725,4636.9857,126.8571429,723.1,88.7,0.395477515,525.47203,0,87.19,3.2
1853.484025,126.70828,0.84866739,433.26331,7.58,134.797495,136.399355,419.8096825,2.41,422.24716,0,118.80648,140.0157125,54.97940025,425.91541,0.549354358,0.992109168,44.68629825,-0.187446142,58.9,0,76.1420675,432.2521925,4611.111125,126.8571429,723.1,88.6,0.394488238,656.220225,0,87.09,3.2
1640.151775,125.0347475,0.866302248,410.1313125,7.66,134.9188925,137.3122125,415.0470075,2.45,422.41438,0,122.7799608,140.196225,54.9974275,421.63645,0.55319092,0.993127045,44.4289885,-0.200140398,58.9,544.64247,76.6970365,432.01393,4621.404975,126.8571429,723.1,88.7,0.403048758,561.5924275,0,87.49,3.5
1861.584475,125.705465,0.855897173,429.853685,7.45,134.87309,137.3762575,418.43677,2.51,423.25552,0,114.5060885,140.3078725,55.01687425,424.66254,0.558717498,0.993389055,44.71585075,-0.200863448,56.9,532.4790275,77.077695,433.2279975,4649.509675,99.57142857,725.7,89,0.41423275,572.75442,0,87.5,3.2
1853.45285,126.1850325,0.871226783,421.1759325,7.26,134.455005,136.69427,415.3170225,2.65,421.94536,0,119.522605,140.136555,55.043103,421.9517075,0.56557643,0.9941484,44.4955425,-0.20166996,56.9,579.94947,77.7086575,431.7736675,4614.89935,99.57142857,725.7,88.4,0.394296988,501.1759525,0.159329223,87.19,3.2
2102.236375,125.7597475,0.83832048,420.1847575,8.27,129.968985,132.4878325,421.1426825,1.88,421.27157,152.177905,117.7887863,135.8814575,55.02157775,426.6639675,0.541526415,0.993559273,43.8369095,-0.175043705,56.9,515.690275,75.6825555,431.9506675,4637.519575,99.57142857,725.7,88.7,0.399164155,551.4792075,0,87.3,3.2
2289.768875,126.631385,0.806803133,403.637355,7.82,129.98227,132.95239,419.186165,2.73,426.065405,153.200235,117.4121495,135.4865875,55.0096735,425.1296775,0.51525997,0.992991865,43.957622,-0.196080775,56.9,584.76387,74.78310425,435.7847125,4641.03255,99.57142857,725.7,88.2,0.396932435,553.0787975,0,86.4,3.2
2440.630775,126.4565975,0.853634655,403.4340775,7.82,130.0998025,131.88286,422.2390625,2.73,425.889135,151.8570275,111.7802163,135.4483275,54.992074,428.4611625,0.521535273,0.991755363,43.87668675,-0.191923693,56.9,553.496285,75.623256,435.925675,4659.2119,99.57142857,725.7,88.2,0.399791835,553.1955625,0,87.1,3.2
2357.577225,124.7577725,0.805890373,412.0509225,5.93,129.756605,132.7471725,419.0273975,2.24,425.0403625,152.82369,116.5354318,135.626685,54.986015,425.4746975,0.505794348,0.99489571,44.48951925,-0.189309198,56.3,0,63.564112,433.733355,4672.2166,126.5714286,723.4,87.8,0.3946458,545.849805,0,85.99,3.2
2399.7357,121.694435,0.67497046,435.2048925,5.78,129.64731,132.100765,421.182835,2.53,421.29237,151.366535,112.0174945,135.2586225,54.99214325,426.88696,0.524906855,0.993456568,44.19478275,-0.185046187,56.3,0,0,430.0875725,4579.4868,126.5714286,723.4,87.9,0.401800978,546.496225,0,86.58,3.2
2541.21105,123.8288725,0.687852845,453.6130325,6.75,129.6865925,131.573775,421.870765,2.4,420.3062275,151.748975,114.82374,135.5553975,55.00730725,426.8340925,0.504853078,0.993424035,44.020955,-0.191256032,56.3,0,0,429.1740875,4588.1382,126.5714286,723.4,87.5,0.403069073,543.1292925,0,85.68,3.2
1460.962425,123.4078425,0.896626203,408.2594425,7.11,90.02017725,91.30585825,428.2008725,1.55,416.4765975,157.1254675,118.6085675,99.59868275,54.99762325,430.4207575,0.532399638,0.990940888,44.219889,0.008943788,56,162.237315,0,425.616305,4579.28145,307.5714286,726.5,88.6,0.406645508,556.64475,0.594123818,87.18,3.2
1592.34765,125.25271,0.770465135,493.554605,8.74,116.653325,119.434415,424.09992,1.89,413.095025,152.3232975,120.6798875,122.8063175,54.91373975,429.37368,0.552584735,0.993626268,43.383315,-0.147791653,56,0.5871665,0,421.5631125,4557.95145,307.5714286,726.5,89.1,0.411291358,548.50872,0,87.68,3.2
951.8983975,128.7543,0.759117035,505.265305,8.93,129.8993025,130.9991175,418.0183825,2.52,412.941385,148.6674725,124.8993275,135.358695,55.00596275,423.9563775,0.509705405,0.994175283,43.9944525,7.300820125,56.8,178.81191,71.315167,421.2016775,4541.075325,313,725.8,89.8,0.410559975,549.1797575,0,88.48,3.2
935.253655,128.87621,0.8113601,528.37362,8.79,130.124145,129.9306975,419.0575575,1.9,412.76778,151.7042925,123.8778675,135.5042125,55.01528775,423.8854275,0.542105143,0.993756348,43.37405675,2.14872698,56.8,0,72.595127,421.154905,4529.445275,313,725.8,90.4,0.427353448,541.41689,0,88.98,3.2
868.5169175,127.2972375,0.752361798,526.4653475,6.9,130.048165,130.95387,419.00385,1.9,412.091115,152.719145,117.0701103,135.0815075,54.985524,423.80439,0.53867868,0.994692588,44.03757925,-0.092509568,56.8,0,70.98016125,420.5887225,4406.119475,313,725.8,89.2,0.409454828,546.680095,0,88.08,3.2
716.1100925,128.4548425,0.806352318,523.671405,12.27,130.228685,130.65836,418.0979675,2.82,411.6348475,148.272935,110.86234,135.11304,55.00364325,423.116545,0.521531748,0.99646722,43.4360535,0.439070026,56.3,0,70.44695225,420.41586,4416.90375,312.5714286,733.5,89.4,0.396986693,487.412335,0,88.18,3.2
792.3606975,129.9841075,0.822780015,544.8384025,9.09,130.00361,129.7672725,416.7790275,1.9,411.2321,153.795045,115.965355,135.0381025,55.016531,420.7385725,0.517099385,0.99344816,43.391779,0.90929108,56.3,0,73.6230235,420.2767525,4418.415,312.5714286,733.5,89.4,0.396368543,527.5563125,0.3124461,88.38,3.9
983.6572225,130.2647325,0.865716843,557.5923275,6.94,130.12292,134.4690875,423.77765,3.97,433.46622,149.6243175,107.0702873,139.8254025,55.01550125,426.3176375,0.511517995,0.995251618,41.90411375,1.160412151,52.5,0,73.5972665,442.7760375,1085.15878,225.8571429,729.7,90.2,0.406309205,555.900695,0,88.89,3.4
887.768875,126.3052975,0.829611668,486.3074825,9.25,130.2364775,135.5676775,414.75166,3.61,433.47549,152.7374325,107.8102525,140.2039975,55.03543925,418.869585,0.500093878,0.994565068,41.4392025,-0.061378279,52.5,0,72.25779875,442.94414,1073.668163,225.8571429,729.7,90,0.400827068,554.34714,0,88.79,4.6
662.9269075,132.29567,0.889380408,515.0709175,8.18,129.9911425,129.229195,418.9239975,4.91,435.2245875,150.59544,110.0389548,139.5705225,55.0272365,422.17738,0.516493848,0.995286875,41.30413175,0.367297334,57.7,0,73.3094365,444.0251775,1120.727753,208,729.2,89.8,0.417014633,550.81082,0,88.66,3.4
788.675965,130.5633125,0.96172765,505.86837,7.44,130.040205,133.3023875,418.5939725,2.84,437.304705,151.782255,107.2016003,139.43629,54.98604275,422.2397625,0.521836978,0.994493473,40.90465675,-0.011650638,57.7,0,75.89025425,446.6901975,1294.778838,208,729.2,88.8,0.427031828,560.9452525,0,87.79,3.2
745.7536775,130.3248825,0.88607246,512.5119525,8.19,130.092635,134.125465,422.401765,3.44,439.72815,151.08831,106.8390893,140.00729,54.99740425,426.16266,0.533132535,0.994447018,40.7162075,-0.089005631,57.7,0,76.2562955,448.78879,1163.54044,208,729.2,89.3,0.4275467,550.664515,0.054829892,88.29,3.2
780.6735425,130.4253975,0.92906035,516.5581925,8.35,132.0267,135.6361075,419.130375,4.44,439.627265,155.8756225,106.202018,141.83555,55.0010545,422.980855,0.484085768,0.995041308,41.709904,-0.036330253,54.8,0,79.96133825,448.7623775,1042.610759,254.4285714,738.7,89.7,0.431446605,557.35527,0.065238352,88.19,3.2
713.1313675,130.9693475,0.952630293,525.719345,7.44,130.0174375,133.29543,419.326405,3.45,437.7870025,156.18019,105.4135268,139.5403525,54.99377075,422.31217,0.502228493,0.995033885,41.65795075,0.191007891,54.8,0,77.5368685,446.970765,1006.06697,254.4285714,738.7,89.6,0.426977478,558.620155,0,88.99,3.2
604.245375,130.062525,0.94163208,533.50122,7.51,130.895495,135.490205,421.5865025,3.58,429.020925,149.6419675,105.38609,140.601835,54.99533925,424.57599,0.488058393,0.994863433,41.7467815,0.325613204,54.8,0,76.95905675,437.7510725,974.165325,254.4285714,738.7,89.5,0.428348158,559.56283,0.115495924,88.49,3.2
823.574225,129.9265675,0.893376038,507.76243,7.52,130.175865,133.8439125,420.1197525,3.2,429.86774,141.2066875,109.3829925,139.8188075,54.974757,424.0923225,0.50129524,0.994282008,41.72139375,-0.122447649,56.1,0,71.10225475,439.0475175,1083.526885,232.5714286,732.7,89,0.426766213,561.06326,0.099509265,87.89,3.2
831.4373975,129.010735,0.885760325,529.9720975,7.38,129.93559,136.4970775,419.5197925,3.15,434.72581,139.8971025,108.22542,139.86166,55.01869625,422.80805,0.510341163,0.99436044,42.6954365,-0.052848057,56.1,0,72.3711545,443.215815,964.3192,232.5714286,732.7,88.7,0.421057565,548.8279675,0.08455591,87.72,3.2
511.437305,127.80017,0.883961375,542.2928,8.2,129.893835,129.1434925,422.0105875,3.73,429.31909,152.082375,104.4943645,139.8911625,54.9974305,425.1904875,0.49204948,0.9946378,42.23386125,-0.097278403,56.1,0,72.01678225,438.1222275,987.3240125,232.5714286,732.7,89.1,0.397026428,542.2489525,0.084987967,88.16,3.2
525.478,129.865145,0.87030173,528.9532325,8.13,129.9946825,133.08689,421.50571,3.73,429.569175,132.983135,111.5836158,139.7670475,54.9942015,424.3259225,0.517334803,0.994208878,42.709361,0.293497584,56.1,0,70.22980975,438.1593225,1017.253973,232.5714286,732.7,89,0.39735426,557.04434,0.00347523,88.08,3.2
559.5032525,128.737275,0.853689098,508.61,7.32,129.9352175,132.852335,423.2254275,3.58,438.7778575,146.3665725,110.4212623,139.909655,54.9941325,426.61999,0.533864393,0.995089393,41.66625175,-0.110014347,56.1,0,69.673186,449.0445825,1022.559135,232.5714286,732.7,89.8,0.400189438,539.8178875,0.105181985,88.08,3.2
460.1584725,124.6829825,0.857955395,480.853325,10.73,129.9879575,133.8660275,420.13562,4.33,442.7449825,148.20134,110.152725,140.0073775,55.1945995,424.1597875,0.5215749,0.99449777,42.5169765,-0.06584116,56.1,0,69.55267325,453.204725,903.9400725,232.5714286,732.7,89.4,0.404215345,546.27102,0.275803578,88.19,3.2
284.28693,125.5162625,0.88591022,514.3204875,10.73,129.9460025,128.38575,420.6533725,4.33,429.586215,147.801935,113.752218,140.012655,46.012983,423.8443575,0.533256405,0.994661295,40.5655965,0.072399661,56.1,0,74.33593425,439.4966875,1042.978875,232.5714286,732.7,89.9,0.409545813,546.24947,0.008781212,88.86,3.2
285.93503,124.95745,0.92013668,499.25667,11.34,129.8347625,128.6402275,421.8605025,5.07,427.2819075,147.633425,107.8302925,139.38304,46.00433275,425.8540975,0.519501933,0.994703958,40.69727175,-0.086092618,50.4,0,74.323623,437.8355,1018.011898,231.4285714,735.15,90.1,0.407639485,547.9415525,0.003922456,88.96,3.2
274.251205,126.85274,0.880399218,533.4722875,9.68,134.965595,132.85771,417.24642,3.44,423.6552175,143.1696425,109.459244,144.58588,45.96281275,420.858285,0.510931893,0.994755088,40.48813775,2.564032673,50.4,0,79.24150675,432.951025,1014.622635,231.4285714,735.15,90.2,0.409548033,546.9170275,0,89.16,5.3
365.394745,126.6600275,0.891405543,510.9029,8.51,129.907185,127.4662425,421.658375,3.22,441.9989675,144.8861525,111.368075,140.07181,45.986127,424.8156375,0.509725615,0.995286143,40.5876115,1.300518492,50.4,0,80.9019,451.63584,1025.624643,231.4285714,735.15,89.8,0.408285223,546.9419125,0.594260375,88.66,5.1
408.9389675,128.2499,0.89394613,540.4933775,10.67,135.0580375,133.7860725,420.478555,3.48,441.41281,141.7656325,110.8708725,144.7083,46.0197615,423.9644125,0.51468607,0.994322433,41.5960145,0.899572578,50.4,0,78.2947055,452.4315025,1034.989778,231.4285714,735.15,90.1,0.41637717,556.2210025,0.599062173,89.56,4.3
428.705605,127.114555,0.907221175,505.1332075,13.11,130.6345575,129.653075,422.1349725,6.81,441.6485925,141.16004,108.7735525,140.2006525,46.031182,425.708715,0.511327923,0.994200685,41.2138025,0.603277196,50.4,0,78.38842425,450.9849175,1029.015758,231.4285714,735.15,89.8,0.412226323,557.0289175,0.004109173,88.46,3.2
456.146685,126.6020825,0.922652785,492.511535,7.45,131.083835,128.3904375,418.8685575,1.58,441.96052,142.24086,106.8381395,140.7749125,45.9956015,422.499975,0.522191065,0.99428799,41.22431975,1.442776181,50.4,0,77.97507825,451.216365,1045.606853,231.4285714,735.15,90,0.41335734,553.8986825,0,88.76,3.4
419.9928025,126.27238,0.880815108,513.2821575,7.45,130.0122625,128.6287125,421.9071625,1.58,440.918495,144.924575,107.834736,139.6116975,46.01665325,425.0926075,0.51907365,0.994415488,41.137089,1.490244538,50.4,0,77.30842925,450.1425925,1015.96711,231.4285714,735.15,89.7,0.414879655,556.74145,0,88.26,3.5
750.154955,132.092925,0.87142963,539.08628,5.97,139.9239225,138.1475225,419.9400075,2.54,441.39604,143.199985,112.2776508,149.772425,46.010502,424.6697025,0.516870763,0.994944633,41.216653,0.262391409,52.3,0,74.16935975,451.679455,1009.080923,188.4285714,728.8,89.4,0.419103623,555.69677,0,88.36,3.2
937.494365,132.2379675,0.8635984,560.03132,6.8,139.690785,139.06205,416.9275425,2.71,388.532375,144.3183,112.7147625,144.40403,45.98395825,421.2358425,0.531244398,0.994940808,40.67462325,2.10926713,52.3,0,71.88115775,824.2122075,950.28619,188.4285714,728.8,89.9,0.419270015,562.6148025,0,88.86,4.1
930.13237,121.4328325,0.864877465,526.6681375,7.52,131.98778,132.5585925,419.7757875,3.25,399.4702,315.6630675,871.557235,136.6704225,45.99667775,423.461105,0.475493383,0.992936305,41.259496,1.396621581,52.3,40.17737575,78.39806025,824.262665,1155.043748,188.4285714,728.8,89.1,0.418008818,550.807405,0,88.66,5.1
1065.458475,129.1378075,0.863164943,541.9029275,7.9,134.991585,134.6536325,420.544065,5.6,395.2073125,309.5119525,830.6628575,139.5440625,45.99786525,424.31617,0.48739057,0.994119338,41.0607665,0.37642826,54.8,0,79.84840425,824.2631175,1031.685393,162.2857143,718.3,90.1,0.419066685,558.4452025,0,88.96,3.2
1309.150775,130.1118125,0.857611885,516.917875,8.4,130.0688325,128.83896,416.8996175,6.04,390.7048625,310.0763975,106.9875743,134.4633275,46.00179275,420.248195,0.553728288,0.99377247,43.88487025,0.284813948,54.8,0,75.6021545,824.261315,974.35488,162.2857143,718.3,88.8,0.424106583,557.47275,0,87.66,5.3
1154.2424,128.112525,0.932841415,514.448145,8.58,126.4595075,123.7432725,420.52362,6.33,383.92861,317.6275775,109.7815685,130.8211325,45.893334,423.95168,0.559583585,0.998082805,44.6689895,0.104960794,54.8,0,79.20430075,824.25326,1002.26557,162.2857143,718.3,88.3,0.428852225,549.1998525,0,87.16,3.2
868.3516725,119.406475,0.796059728,465.3514325,10.62,120.059325,127.708225,423.91534,6.38,530.6833925,162.4731245,108.901025,124.9927925,50.11131475,425.7464825,0.490306513,0.991460425,44.835021,2.275984075,57,0,1.08006622,533.4515225,1525.129423,167,734.3,87.3,0.390408288,688.3859675,8.577593275,85.96,3.2
345.7502325,115.6012375,0.810831073,489.229695,9.56,124.96133,132.259475,423.26677,5.54,461.5176775,160.5233475,110.8534528,129.8676625,50.013827,425.3154,0.542226038,0.99098499,44.655454,1.794139025,57,0,0.948042961,463.6944475,1394.444895,167,734.3,87.5,0.386159793,659.25377,8.516679825,86.56,3.2
528.95581,116.2961825,0.93795181,482.6814,10.47,124.8473175,132.2868325,422.8903575,6.17,456.691485,152.11674,110.7764675,130.0473875,49.950964,425.2995825,0.545415295,0.991708765,44.57925875,32.2341895,57,0.29358325,1.120805848,458.99639,2844.781225,167,734.3,87.5,0.377403525,652.9109,8.4253103,86.16,3.2
1096.928295,120.955955,0.710788698,479.740405,11.22,124.987805,136.90975,424.049335,6.33,421.6520575,161.2163575,111.2157135,130.36748,49.96760075,426.6241175,0.504734368,0.991422393,44.92316425,1.569484005,53.6,0.212192375,0.03490797,423.969445,1821.189793,307.2857143,721.8,87.8,0.398119648,657.340245,11.1815605,86.29,3.2
288.7543875,126.8171125,0.768817398,431.6307575,10,125.0790075,134.780155,425.6040075,5.94,418.0700075,162.2476533,110.341333,130.36504,49.87701075,428.0984175,0.513259378,0.992023628,44.38536175,3.254947825,53.6,0,73.5833535,420.0149,2027.41901,307.2857143,721.8,90.6,0.397786233,650.3254525,16.33130625,89.09,4.8
658.5573,125.8091075,0.776477675,421.129715,12.19,125.0132975,135.1670925,425.822545,9.37,412.924465,161.5863625,115.095095,130.4472925,50.01567825,428.6095375,0.533411053,0.99223416,41.654656,3.082593125,53.6,0,73.33492225,415.54188,1953.330163,307.2857143,721.8,90.2,0.379554468,643.76474,2.1835884,89.49,3.2
298.0495875,127.2351675,0.8599266,473.02514,9.1,132.035625,140.9197975,423.409685,3.82,417.81084,163.736195,113.97263,136.86984,49.99131375,426.46913,0.530576408,0.99247064,41.7517715,4.851939825,55.1,0,80.6840865,419.778655,1924.437553,244,719,90.4,0.438413273,636.2307625,2.14480805,89.69,6.5
267.0529775,127.4674625,0.804878495,478.395915,10.67,129.0388025,138.6411175,423.9891775,5.63,420.3516775,157.3186325,116.8227475,134.0157475,50.0131645,427.0691,0.541196785,0.992298608,41.470165,4.8938052,55.1,0,78.5090705,422.1261725,1912.276763,244,719,90.3,0.404804138,643.1431325,2.10602775,89.09,5.3
351.4725325,126.7652075,0.787808408,459.9793125,10.31,132.00815,141.86108,426.50806,5.16,414.8668925,162.21417,119.6511428,137.5817175,50.004238,430.3362675,0.53700993,0.991550398,41.1645835,2.15260635,55.1,0,81.17889175,416.238785,2081.535675,244,719,89.3,0.398116865,683.7850275,2.047857225,88.29,3.2
199.236571,127.8980725,0.87062816,467.98983,7.49,133.016705,142.512645,424.6458075,4.3,408.4145875,161.53492,111.7884075,138.08267,49.98813125,428.477905,0.538759088,0.9913874,41.29378725,2.40299055,54.9,0,82.89653925,409.998125,2197.37938,253,721.2,89.9,0.410989758,676.0674875,6.342251125,88.49,3.2
603.212935,125.9328225,0.820989533,433.4655775,7.31,131.574985,141.5889925,425.368165,3.88,418.3334875,157.53184,116.327331,136.6681325,50.19505725,428.961795,0.540852893,0.991820055,41.4536345,2.084656893,54.9,0,79.92415075,420.69855,2120.289415,253,721.2,89.4,0.393746738,661.608875,11.7719575,88.29,3.2
521.311145,127.40209,0.821568103,449.2778125,10.21,131.95996,141.61578,424.76428,5.51,418.0019975,157.1938025,117.7960593,137.1007975,49.9658455,428.9144875,0.537467718,0.992060023,41.630277,2.43523395,54.9,0,81.31926725,419.9142825,1985.154465,253,721.2,90,0.52616996,637.171285,13.466665,88.69,7.5
591.081895,126.94291,0.792015178,457.13698,6.5,131.97951,141.05934,424.8662425,4.11,426.3934575,161.853177,100.0977318,136.8071675,49.99355925,428.709595,0.51971878,0.99251911,41.41221975,3.249872425,58.3,0,81.8985595,428.4406225,2032.723715,288.8571429,721.1,89.9,0.46770996,632.80877,7.763829275,88.49,3.2
680.9519775,127.40856,0.826825913,471.3836025,8.96,133.335495,142.836355,425.6860925,5.87,430.9646,155.5013775,108.804842,138.4072575,49.74167375,429.383965,0.537419115,0.992165743,41.7589685,2.767235275,58.3,0,81.78257075,433.25484,2039.73215,288.8571429,721.1,89.7,0.407803695,631.28904,16.97212825,88.49,3.2
711.4006625,127.6454025,0.840098063,472.4959275,9.92,131.2063575,140.78047,425.5594375,5.55,429.8151225,152.2299578,105.4520898,136.6052125,50.03919775,429.6593875,0.536160098,0.9919339,41.6113855,2.623912258,58.3,0,80.7269275,431.9467375,2178.392643,288.8571429,721.1,89.7,0.397433715,646.6333875,16.98589625,88.39,3.2
765.98592,127.201665,0.852402105,505.4589075,4.96,134.9026375,144.370445,423.3845875,9.01,436.8751875,161.9404675,104.517914,139.9995875,49.9817215,427.10406,0.5376291,0.992118693,41.804356,2.554558943,58.3,0,84.9479925,439.3035825,2196.91675,288.8571429,721.1,89.7,0.401801073,631.033555,16.988003,88.29,3.2
771.5091325,128.7132375,0.927493025,521.843435,9.01,135.9484,145.06691,423.9687625,4.96,436.0345725,155.34893,105.153535,140.97673,49.81245475,427.44904,0.537800215,0.992010638,41.9422715,3.137527775,50.5,0,84.78039675,438.15685,2143.01225,310.7142857,724.8,89.7,0.40980328,629.50263,16.99011025,88.29,4
970.8509125,127.283335,0.891016133,535.38295,5.45,137.2857825,146.4419825,421.74277,9.64,431.04268,158.2364575,108.4472993,142.51134,50.7232105,425.41889,0.530881165,0.990537858,41.7360415,4.127218775,50.5,0,87.84731875,433.372445,2104.94336,310.7142857,724.8,89.6,0.387554718,671.6507375,16.99786425,88.29,5
856.0597375,126.9772675,0.865068218,512.3258725,9.88,132.94767,142.3925625,422.3200375,5.6,416.0130975,163.8037625,105.7098663,137.949355,49.98465275,425.4162725,0.536403103,0.991688578,41.236626,5.577426175,50.5,0,83.16531975,418.45558,2172.955683,310.7142857,724.8,89.2,0.416131063,666.6055475,16.919026,88.09,3.2
1009.490268,127.54044,0.882530945,501.6619375,9.34,135.2687825,144.6919025,424.13238,4.67,449.6717575,150.79756,104.7151085,140.6233725,49.993651,428.3474525,0.52733905,0.9915993,41.5064395,3.872830025,50.5,0,84.726396,451.8675125,2040.036863,310.7142857,724.8,89.4,0.39116426,666.0300425,16.9797315,87.99,3.2
590.547055,125.5977775,0.874356795,468.03706,10.25,124.9515,135.3987975,424.0331475,5.45,450.7522625,160.981956,103.0017633,130.5254525,50.0308755,426.97772,0.528339578,0.991338485,41.57574075,4.3537994,50.9,0,75.16733375,452.76508,2574.2193,355,726.4,89.4,0.388461575,676.361805,16.99448475,88.39,5.2
622.59785,112.1496,0.86886335,471.948355,10.01,125.160335,136.96472,426.7045675,5.43,441.8238525,159.035645,104.0714388,131.120445,50.0752615,429.7784825,0.529315178,0.99073422,41.25991825,2.91521625,50.9,0,0.311736868,444.0205875,2059.14355,355,726.4,90,0.396940028,677.76907,16.996605,88.99,3.6
347.2049,124.81616,0.795604623,465.2161325,10.23,124.0768625,132.6473625,425.059575,5.31,354.7861175,164.8195975,105.9028175,130.6447875,49.9888285,428.13788,0.52227028,0.99156709,40.85337675,10.39540948,50.9,38.68335325,75.77630175,357.130695,1544.06795,355,726.4,91.1,0.40691142,670.437885,16.9676555,89.98,9.8
170.6887758,126.660055,0.74339509,451.9117125,9.52,125.379655,133.77519,426.40655,4.91,307.7776825,165.13149,107.4281803,131.25554,50.0471295,429.540735,0.497588948,0.991414755,45.17316275,7.050644225,50.9,316.4704475,75.46096025,310.0412925,6047.9301,355,726.4,90.9,0.41565926,673.05172,16.989217,89.78,7.3
113.5555856,126.073665,0.785041208,473.55687,11.77,124.8581375,129.4965675,427.42535,8.72,256.48675,164.215985,106.4563358,130.75315,50.015659,430.11984,0.511664258,0.99109155,45.446104,7.576551525,53,501.661845,77.395713,256.9490075,1779.033863,226,722,90.9,0.421870478,682.76813,6.105091725,89.76,6.9
313.62956,122.4899025,0.696988418,458.12746,11.57,124.0182375,129.4773575,426.15723,7.35,254.971105,165.2173025,113.6177955,130.0334175,50.0050265,428.5928375,0.522670195,0.991042618,45.4328135,8.9052649,53,748.9980175,76.16558775,256.469665,1810.139758,226,722,91,0.411896883,689.6456175,6.093610125,89.86,9.9
426.7192775,122.8923475,0.69217251,460.4167375,10.07,129.99805,136.8867325,424.2693325,3,281.3774,168.3882125,108.3400738,135.64154,50.00295725,427.2961075,0.505599125,0.99100482,45.47448475,3.0651156,53,1472.442225,77.906146,283.2758725,2225.854,226,722,91,0.415423415,718.82037,6.04219375,89.78,3.5
311.87277,122.385245,0.731133925,482.1458325,11.87,127.17953,134.8169675,424.1916375,6.37,304.97847,300.3878575,104.1926418,133.20223,50.04394775,426.9219075,0.494821908,0.991446285,45.5471975,4.939591425,50.8,1440.30715,78.39479475,306.872665,1976.579333,213.1428571,730.9,90.8,0.423475438,669.3562825,6.006844725,89.58,3.2
188.3373875,123.064845,0.776803825,446.2246975,6.88,129.9234075,137.7245725,424.377015,1.71,325.49361,189.544865,101.950581,135.0441,50.184062,428.4324975,0.510928608,0.99246902,41.8123015,2.741387685,50.8,1443.52875,78.813207,327.469945,1703.297718,213.1428571,730.9,90.8,0.444500395,621.624795,5.925466275,89.48,3.2
248.033345,123.56193,0.79171632,449.2456075,10.54,130.0506125,137.775065,424.7195975,7.44,297.4346925,191.222065,104.5108858,134.8488125,50.0406915,427.8060425,0.522253583,0.991870353,42.08729325,3.387523075,50.8,1433.943075,78.06645075,297.7828075,1955.88457,213.1428571,730.9,90.7,0.42169603,632.626025,5.84020455,89.48,3.4
229.96167,123.2329325,0.767646725,437.1877875,12.24,130.0603225,137.33015,424.1518525,7.81,309.3849825,168.7706675,105.1328438,134.6914375,49.9839755,427.1883175,0.533886753,0.99199789,41.406115,3.524589225,50.8,1444.913175,77.802275,307.4506175,1949.370183,213.1428571,730.9,90.7,0.427020138,619.6558025,5.75125835,89.58,4.2
0,123.31276,0.7927503,431.5251125,10.85,129.90495,137.0112375,425.4964875,6.61,337.5191725,167.0316925,104.0929363,134.7266225,49.99446875,428.58315,0.52762583,0.992516328,41.7763135,4.73283785,53.9,1449.2113,77.47211,336.798185,1638.58375,261.8571429,721.9,90.4,0.42598761,622.31118,5.644190225,89.48,4.8
217.5102675,121.4724375,0.707474605,457.0402225,10.67,128.9134675,136.8054775,420.8698375,7.15,367.8792225,161.5719275,103.608145,134.5116,49.759443,423.4464275,0.530216978,0.99188249,43.54316175,4.989307125,53.9,1498.284375,78.87321475,371.3884425,1897.85965,261.8571429,721.9,91,0.424095993,600.9582175,5.6604016,89.78,3.2
125.4051299,123.011925,0.733092833,442.62649,7.98,130.0774625,137.8608025,425.85067,2.16,390.8321475,164.50325,112.7959493,135.1649575,49.93393925,429.32987,0.526292998,0.992110555,41.48839,3.382294825,53.9,1477.427975,77.74698525,393.35034,1857.770753,261.8571429,721.9,90.6,0.435573245,636.63448,5.56265065,89.18,4
0,122.7010825,0.776481233,451.50352,9.76,129.9233,137.53094,426.15623,5.7,414.3673125,166.56843,108.2159223,134.77482,49.95538075,429.69149,0.533600065,0.99198653,41.67658525,2.410136955,53.9,1462.5823,78.34866625,416.4439025,1796.399423,261.8571429,721.9,90.5,0.435385255,641.71743,5.52928975,89.18,3.2
250.23244,123.025225,0.795444483,453.2567025,9.26,128.9145225,136.1825575,425.469055,2.38,422.2545025,213.8364575,106.0308213,133.68469,50.00026725,427.5823275,0.549600128,0.99214116,42.20690175,2.784406875,55.8,1466.021225,77.60885525,425.33864,1880.777018,194.1428571,729.5,90.1,0.43560199,620.089545,5.466412875,89.08,4.1
0,123.39609,0.812356683,473.26031,8.44,132.8493275,140.2258625,423.7625775,1.68,405.837475,163.870265,110.1666388,137.6537275,49.96836025,426.108295,0.53672993,0.991561763,42.265738,5.414248,55.8,1456.321,78.97535425,405.371305,1967.604633,194.1428571,729.5,90.4,0.42565001,644.0374525,5.42937785,89.08,5.4
210.369295,123.751745,0.838271063,472.8836225,10.1,128.1264475,135.5434675,425.38418,2.45,375.307355,162.6083175,112.032153,132.831885,50.001576,427.6359625,0.541472718,0.991517228,41.686392,4.307582425,55.8,1449.8025,76.2578305,377.0693925,1899.68271,194.1428571,729.5,90.4,0.429281798,646.72754,5.3779088,89.08,4.1
224.1384475,124.6954075,0.817884568,448.3697625,8.57,127.874115,135.2481675,424.977435,2.09,419.4897025,166.442815,113.7948305,132.66949,49.94876525,427.227935,0.53607394,0.99168276,42.06894475,2.418396253,55.8,1444.017075,76.8816995,421.79627,1851.75253,194.1428571,729.5,90.5,0.42537734,644.8276,5.261918025,89.18,4.3
265.8770225,123.993925,0.829161613,450.78169,6.5,126.047365,133.89589,425.622375,1.88,410.20016,164.6185075,109.6616225,130.7663125,50.0149445,428.091245,0.53559585,0.991767183,42.25433575,2.20651223,59,1439.829,75.55220475,411.6833025,1772.3061,181,722,90.5,0.431065375,642.0818125,5.2212535,89.18,3.4
129.4894353,123.5444625,0.806156893,440.1793425,6.13,125.91734,133.9094925,425.6326725,1.62,440.532965,164.8755925,109.0970878,130.7317275,49.97137625,428.0427225,0.532894563,0.991843455,42.43915525,1.991096585,59,1463.914925,75.18955225,441.918355,1672.730655,181,722,90.4,0.406429578,643.836605,5.14750405,89.08,3.2
254.58215,124.44952,0.832750153,486.3930825,7.94,133.036295,139.919405,423.0109475,2.16,447.3180675,162.912985,107.9444228,137.67871,49.9567815,425.956205,0.533687253,0.990791263,42.4459255,3.585002175,59,1450.783475,80.151341,448.62257,1675.68307,181,722,90.3,0.41762081,664.56477,5.033738625,88.98,4.8
394.907035,122.4120075,0.789406125,489.2140675,8.21,131.0262475,140.0026925,423.901745,2.18,461.0897475,161.2425825,108.6252528,136.1060275,49.921823,426.63547,0.516556085,0.99048429,46.87724875,3.282853525,51.56,1485.2979,81.11712625,463.92348,1683.6037,284.1428571,721.7,89.7,0.396127123,690.3992825,4.896510375,88.59,3.5
872.650465,126.5876875,0.808987813,478.0862475,3.76,132.7881425,141.25107,421.9264275,1.44,463.87285,159.293275,103.9031225,137.9841,49.44724375,423.941385,0.500607373,0.990365633,48.8401465,10.04953625,51.89,1450.61675,80.813713,466.75479,649.6376025,288.1428571,726.9,90.5,0.410876488,671.4104775,4.84676505,89.16,5.6
906.6886775,126.8967025,0.810556538,475.21687,4.44,132.809775,141.2986175,421.9137525,2.08,463.589675,159.1729425,103.899525,138.0008875,49.42319025,423.995485,0.499249195,0.990432643,48.92731075,9.360754775,49.42,1448.3542,80.9437275,466.406035,597.9643,253.4285714,723.7,90.4,0.41097155,669.77805,4.846668125,89.1,3.3
940.7268925,127.205715,0.81212526,472.347485,4.25,132.831405,141.346155,421.9010725,1.71,463.3065075,159.052605,103.89593,138.017675,49.39913775,424.04959,0.497891018,0.990499655,49.0144755,8.671973375,49.42,1446.09165,81.07374275,466.057245,546.29102,253.4285714,723.7,90.3,0.411066558,668.14565,4.846571225,89.1,4.7
991.78421,127.6692475,0.814478353,468.0434125,4.48,132.863855,141.4175,421.8820625,1.91,462.88174,158.8721,103.890525,138.04286,49.36305825,424.1307425,0.495853755,0.990600163,49.14522225,7.6388011,49.42,1442.697825,81.26876425,465.534085,468.781085,253.4285714,723.7,90,0.41120915,665.697005,4.846426075,88.9,4.2
1025.82245,127.9782575,0.816047085,465.17403,3.81,132.8854875,141.4650375,421.8693925,1.41,462.598555,158.7517625,103.88693,138.0596475,49.339005,424.1848475,0.494495578,0.990667175,49.23238725,6.9500197,46.39,1440.4353,81.39877875,465.18532,417.107795,352.2857143,729.9,90.2,0.411304163,664.06457,4.8463293,89.1,4.1
1059.860675,128.2872675,0.817615808,462.30465,4.55,132.9071175,141.512585,421.8567275,1.86,462.315385,158.631425,103.883335,138.076435,49.314952,424.2389525,0.493137405,0.990734188,49.3195515,6.2612381,46.39,1438.172775,81.52879325,464.836545,365.434515,352.2857143,729.9,90.2,0.41139924,662.43215,4.846232325,89.1,6.2
1110.917975,128.7507975,0.819968898,458.0005775,4.47,132.9395625,141.5839,421.8377175,2.05,461.89062,158.450925,103.8779375,138.1016175,49.27887275,424.3201025,0.49110014,0.990834698,49.45029875,5.228066,46.39,1434.778975,81.723816,464.3133825,287.92457,352.2857143,729.9,90.3,0.41154177,659.98354,4.846087225,89.1,3.2
1144.9562,129.0598125,0.821537625,455.131195,4.79,132.961195,141.63145,421.82504,1.96,461.607435,158.33058,103.87434,138.118405,49.25481975,424.37421,0.489741963,0.990901708,49.53746275,4.539284575,45.77,1432.5164,81.8538305,463.964605,236.25129,343.4285714,722.6,90.6,0.411636845,658.351105,4.845990475,89.4,3.9
1178.99445,129.368825,0.823106355,452.2618125,4.65,132.9828275,141.678995,421.81236,2.14,461.324265,158.2102475,103.87074,138.135195,49.23076625,424.4283125,0.488383788,0.990968718,49.62462825,3.850503075,45.77,1430.253875,81.9838445,463.61584,184.578005,343.4285714,722.6,90.5,0.411731853,656.7186625,4.845893425,89.2,3.3
1230.051725,129.832355,0.825459445,447.957735,4.62,133.0152775,141.7503,421.79335,1.96,460.8994975,158.02974,103.86534,138.160375,49.1946875,424.509465,0.486346523,0.99106923,49.7553745,2.817330825,45.77,1426.8601,82.17886625,463.0926775,107.06807,343.4285714,722.6,90.1,0.41187445,654.27005,4.84574825,89.1,7.7
1264.08995,130.1413675,0.827028173,445.0883575,4.7,133.0369075,141.79785,421.78068,1.97,460.61633,157.9094,103.86174,138.1771625,49.1706345,424.56357,0.484988348,0.99113624,49.8425395,2.128549375,47.54,1424.59755,82.30888125,462.7438925,55.39478275,296.7142857,733.6,90.1,0.41196945,652.63763,4.84565165,89.4,4.8
1298.1282,130.45038,0.828596908,442.2189775,4.43,133.0585425,141.8454,421.768,1.99,460.333145,157.789065,103.8581425,138.19395,49.146581,424.6176775,0.483630175,0.991203253,49.929704,1.4397679,47.54,1422.33505,82.4388945,462.3951425,3.7214935,296.7142857,733.6,89.9,0.412064523,651.0052,4.8455546,88.8,4.7
1644.2349,130.2612325,0.823161968,438.6460975,4.73,134.9531475,143.8827175,422.06883,2.14,459.0605825,157.27243,112.5074883,139.995235,50.0481965,425.2019075,0.532299065,0.992198435,47.68540375,1.170382204,47.54,1410.407175,82.78529975,461.1572,2107.091993,296.7142857,733.6,90.4,0.408515415,645.712965,4.829728675,89.3,3.4
1324.462945,129.80586,0.8115821,456.906985,4.77,136.046035,144.6101125,424.13944,2.33,456.5111325,158.5077325,111.3253325,141.101825,49.92271275,427.0560825,0.535183875,0.994922115,47.92270825,1.258575281,45.51,1386.683525,84.81811025,458.654475,1992.9813,252.1428571,725.3,91.4,0.414896073,642.9963825,4.81992385,90.1,3.2
1958.85975,129.6814825,0.792827988,436.7707275,3.63,135.578855,146.3786825,419.664405,1.6,446.0415975,158.93918,114.2418175,141.1176675,50.484247,421.09715,0.538564553,0.990170815,46.65203475,2.745401575,45.51,1429.355175,84.742175,448.59933,1919.949625,252.1428571,725.3,90.7,0.40218326,639.7495625,4.901176025,89.6,3.2
98.043455,129.27247,0.800212453,456.92852,4.32,139.069595,147.738625,421.30491,2.1,445.88851,156.92072,112.0558313,144.045575,50.03857575,425.0077425,0.53069568,0.991665618,47.81722175,0.704346033,44.28,1407.106425,83.896152,448.1391375,1899.704813,210.5714286,730.8,90.6,0.40196727,645.445905,4.860292125,89.3,3.2
928.4222568,128.126145,0.828454358,451.6421875,3.94,138.097975,147.218235,422.030705,1.62,444.8645775,158.5160925,116.2865935,143.06093,49.95855375,425.35066,0.527836435,0.993652445,47.49717775,0.865271337,44.28,1426.070125,84.929713,447.137095,1991.927113,210.5714286,730.8,90.4,0.396122025,643.0902775,4.814889575,89.2,4.7
1322.712088,131.9163575,0.8897891,439.7914675,4.42,134.777715,143.830075,420.74874,1.93,445.51788,159.0974475,112.2211885,139.8599225,49.9629145,423.3579125,0.486199873,0.992283075,47.571668,1.412048645,44.28,1414.776175,80.40635075,447.9837925,2083.981833,210.5714286,730.8,90.5,0.401072645,640.877935,4.842283275,89.2,3.2
1255.905098,129.9944825,0.86534734,443.585275,4.44,134.0236325,142.786925,422.39951,1.71,446.9556775,165.05898,116.37738,139.07532,49.8852395,425.44833,0.486911785,0.991392255,47.27356425,1.592759458,44.28,1398.477225,80.87198675,449.0668925,2079.262405,210.5714286,730.8,90.2,0.401330388,702.03199,4.88074325,89,3.2
1657.13195,130.0988475,0.838051305,420.22265,4.32,132.1104825,141.914065,421.9112275,2.61,446.6322125,165.9495775,116.3584525,137.106375,50.0482345,424.4888375,0.51151421,0.991266815,47.55793525,1.804796273,44.28,1413.91635,80.46363475,448.88834,2124.162748,210.5714286,730.8,90.1,0.419251188,704.828215,4.906473125,89,3.2
1127.172425,130.2221375,0.859795225,446.0375525,4.02,134.9911675,142.53738,424.4027625,1.55,444.9848525,166.9998025,110.5073653,139.9959175,49.8595995,426.91242,0.515660535,0.991544673,47.55031875,2.31389785,44.28,1412.08725,80.53295,447.06603,2033.384915,210.5714286,730.8,90.4,0.40541816,703.092545,4.9819427,89.09,3.2
30.5778235,129.8808475,0.825060363,435.33227,3.27,132.0773975,140.8448025,423.850655,1.43,447.25296,165.0371375,114.730075,136.935735,50.008572,425.83092,0.52411163,0.99117942,47.2603765,3.0672015,51.8,1403.161425,80.73903775,449.11132,1978.42029,275.2857143,724.6,89.9,0.40375343,706.5712975,4.885999275,88.59,5.1
1095.548027,130.419725,0.83490391,440.05499,3.19,134.99827,144.0928325,421.5200025,1.47,445.686885,167.1331275,112.3396258,140.0240225,50.02372225,424.4231825,0.520770128,0.991085513,47.62681675,2.002984562,51.8,1399.15695,79.09362375,447.40501,2064.516475,275.2857143,724.6,89.8,0.383378513,706.3692875,4.8581852,88.6,3.3
1532.986508,129.7556775,0.764278248,480.7248975,3.23,134.95991,143.3847875,425.6446325,1.35,441.74598,165.489325,118.4715025,139.98561,49.97360225,427.4710675,0.506493363,0.989274908,47.63159775,3.323063625,51.8,1408.7463,80.51140325,444.7264475,1877.914733,275.2857143,724.6,90,0.379905788,708.0500275,4.872308775,88.8,4.9
591.5997225,130.45204,0.796149508,435.39102,3.64,132.13002,142.1102775,422.74955,1.32,443.5951175,167.37489,116.8736823,137.15091,50.00570275,425.0550925,0.529222973,0.992594465,47.66659075,2.585884328,51.8,1237.32425,80.7737855,444.71059,1954.166455,275.2857143,724.6,90.3,0.391034133,640.371805,4.85615065,89.02,5.7
428.1019438,124.224225,0.803218885,435.84964,4.24,134.85919,142.3794825,419.0809325,1.62,444.5078175,164.3639075,120.1750925,139.87268,50.10960725,421.9928425,0.52952672,0.992018745,47.40466075,1.896980034,46.9,1424.7308,79.393554,445.682695,1876.061833,288.8571429,726,90.5,0.366904165,634.9668675,5.046764025,89.28,3.2
261.2104575,127.60193,0.822304365,447.6503875,4.21,133.6139025,141.1544525,422.29742,1.44,442.1104625,165.099005,117.02084,138.62256,50.122652,424.5482425,0.528908063,0.993077293,47.8242325,2.961560925,46.9,1337.0092,80.823773,443.613745,1971.295503,288.8571429,726,90.2,0.37426339,613.7901475,4.901798975,88.99,3.8
743.190105,125.949395,0.84824699,463.64777,3.98,136.0000175,143.468105,420.875955,2.7,440.6400525,165.5648175,113.8106278,140.9155975,50.010418,423.5633125,0.515794098,0.993252018,47.6633775,2.770294325,46.9,1367.81415,81.25133275,441.945955,2040.552038,288.8571429,726,90.3,0.406217473,615.6291225,4.9054507,89.08,3.5
471.1130208,125.7988975,0.84773014,434.99097,3.78,133.4475525,141.0620475,420.7220825,1.42,439.636795,166.3235775,113.4784225,138.42147,50.075214,423.3072075,0.5139904,0.993046603,47.4300735,1.987272975,43.7,1500.490725,81.166059,441.030355,2137.876525,302.1428571,727.3,90.1,0.383162885,614.6157475,4.903530825,88.89,4.6
500.902953,128.8750825,0.882867215,470.8156525,3.83,137.0428875,144.514405,421.5338,1.47,438.919055,166.551135,111.1119448,142.03043,49.962377,424.2188325,0.510935478,0.99322466,47.42318575,2.633867225,43.7,1422.690325,80.95621875,440.1906325,2033.58019,302.1428571,727.3,89.9,0.399552555,613.8687475,4.889689225,88.59,4.9
228.2602775,124.660025,0.833483503,458.3880025,4.13,134.7131725,139.38786,420.5473225,2.61,438.9243175,167.774595,114.3820223,139.784875,50.06316225,423.1545,0.52371849,0.993570593,47.47899575,2.532173225,43.7,8.86728875,80.695936,440.1147725,1926.98753,302.1428571,727.3,90.3,0.401077655,614.6673,4.9028532,89.06,4
164.77759,124.4889775,0.902209328,458.1788825,4.05,131.8745925,136.631865,423.3894825,1.42,440.908325,170.3320425,115.3076575,136.8453475,50.02370275,425.2862625,0.51250425,0.99329608,47.54953325,2.727302575,49.99,2508.4667,79.54818875,441.986665,2109.750008,324.5714286,726.7,90.3,0.39826776,612.9320575,4.887291725,89.06,5.1
0,124.6621825,0.87260754,455.6844375,3.95,135.6343375,138.268355,421.9100775,1.59,438.7425575,169.3874225,111.52974,140.7983525,49.46354375,425.0277025,0.52439658,0.993951713,48.43119025,1.42304155,49.99,347.8529825,82.195755,439.681635,2606.84045,324.5714286,726.7,89.7,0.398092945,607.5072475,4.884797025,88.26,3.2
881.7158875,123.9705125,0.881531828,459.4801425,3.92,131.046805,135.85955,422.357885,1.69,448.211265,167.8629875,112.16912,135.998645,50.0001645,423.8441875,0.525133863,0.99148802,43.751921,8.67444425,49.99,0,80.2240865,449.5254725,1911.962525,324.5714286,726.7,89.7,0.377517235,671.0154425,4.911446675,88.96,7.8
409.4839725,123.51212,0.788747873,451.8941975,4.75,130.12206,135.2479825,421.2554925,4.31,438.0961575,165.61159,109.5079435,135.00086,49.9409175,423.0819875,0.515546923,0.98658159,48.320566,3.9783203,46.85,72.8024125,80.4685235,439.31975,1997.289253,300.7142857,734.9,89.7,0.40368917,609.6280975,4.9141427,88.46,6.5
645.0981825,124.6763475,0.709804415,482.6692175,3.73,133.8103725,138.11156,422.45165,1.54,431.91481,166.9477825,108.33366,138.6527,50.21647875,424.0627825,0.493987388,0.993654558,48.1004635,4.076037975,46.85,345.2934925,81.0119435,433.03675,1893.251925,300.7142857,734.9,89.4,0.397810153,595.7209175,4.8669626,88.16,7.8
641.4571148,123.574875,0.749073303,441.3636075,3.51,131.20577,136.22628,419.3515,1.57,443.556405,167.2120675,112.4225775,136.1733875,50.07400725,421.793605,0.478381305,0.993990033,47.86624625,2.269358515,46.85,367.4057475,82.003125,444.8358425,2214.65549,300.7142857,734.9,89.6,0.379958918,586.3922275,4.928443225,88.26,4.5
1195.891433,123.2855,0.77146395,503.4416625,3.57,136.092035,140.707075,423.9649175,2.6,443.1839475,167.53054,109.0186475,141.056895,50.0704915,426.1060025,0.528141675,0.99395666,47.9465655,1.85920266,49.9,359.6578525,82.6105155,444.3546525,2223.453675,251.5714286,724,89.3,0.411039008,586.1912125,4.879096225,87.96,3.2
994.6682725,124.282065,0.812801713,471.2959675,2.94,132.069035,136.62889,424.4685075,1.44,440.71915,165.5977925,101.781795,136.4868775,49.94140825,426.19172,0.469456768,0.993764408,49.3709825,2.771156325,49.9,45.5577905,80.4107855,442.424915,2188.885653,251.5714286,724,89.8,0.469244425,573.51907,4.8904967,88.96,5.4
1016.842955,122.6642025,0.830942603,425.74246,4.64,128.7218625,134.0729375,423.2130125,4.93,441.2211175,165.814825,104.9343568,133.12532,49.924272,425.49096,0.502162558,0.994225625,49.044764,1.099679435,49.9,0,78.64395525,443.0221575,2477.610125,251.5714286,724,89.7,0.402243365,571.6416125,4.885896875,88.36,3.2
1005.004018,124.078675,0.79850836,484.92142,3.46,138.9339525,143.3212825,421.0069,1.19,434.83645,164.81739,107.1364725,143.4673075,49.99763275,423.4908025,0.503900043,0.994522403,49.29632625,2.26618835,48.34,1.060962,80.17567775,436.44439,2403.9199,235.1428571,724.4,90,0.44394245,572.3871725,4.8807052,88.66,3.2
833.4187475,123.8144925,0.843778475,484.997855,7.08,139.0688525,143.1250875,421.186475,4.44,450.35686,164.6889625,108.6967928,143.7129475,50.0371375,424.01203,0.527038838,0.9933974,48.8237815,1.655230405,48.34,0,82.16149225,452.1054575,2420.273875,235.1428571,724.4,89.7,0.385508958,572.47398,4.87676635,88.46,3.2
1281.51762,128.0239,0.845387045,453.0307425,10.12,133.0594975,143.1410825,421.7846125,6.89,497.0565575,165.7090225,107.3697515,137.5932575,50.07334925,423.8443475,0.527945795,0.993529823,49.08798925,2.067680165,48.34,0,79.805199,499.0367525,2414.796425,235.1428571,724.4,89.4,0.45640882,600.2060925,4.856037025,88.09,3.8
1383.3119,128.525765,0.802165458,464.09622,4.35,134.95679,144.8190025,419.41272,1.51,427.27294,165.24378,107.61802,139.5332675,50.00483125,421.662,0.541348903,0.993466028,48.841413,3.31967125,47.1,0,81.5754735,428.9513275,2390.14748,251.8571429,725.2,90,0.387493415,573.6567425,4.88949405,88.69,5.6
1433.271555,128.8328175,0.880885598,479.74491,7.58,138.001835,147.9354325,419.68379,2.98,424.80091,166.2189025,122.441225,142.6742325,50.04571,422.082775,0.515588475,0.994333428,48.674514,3.7427856,47.1,0,82.77099125,425.9431475,2498.664375,251.8571429,725.2,89.9,0.37916095,569.1495575,4.846302225,88.8,4.8
148.21118,127.8705825,0.84793731,436.850505,5.58,132.942085,144.108235,421.54621,1.12,400.693355,165.1038625,125.566625,137.545405,49.90220875,424.27075,0.535693415,0.994092753,49.3647335,1.256768002,47.1,0,81.47200225,401.5710075,2553.712825,251.8571429,725.2,90,0.396244163,571.579925,4.8366486,88.72,3.4
370.2631073,128.164845,0.847924088,485.712665,7.47,141.9776075,152.13823,418.92382,5.15,420.8279125,163.0011375,125.2669225,146.3584325,50.02647775,421.823265,0.53797216,0.99369627,49.29955,1.849205978,45.09,2431.45785,78.36259925,422.1875025,2653.499778,206.4285714,728.1,89.5,0.380961495,572.86356,5.103874525,88.45,4.4
417.1967475,128.72098,0.844450695,475.59931,10.12,141.7041725,151.9343325,417.5613775,1.29,441.1216075,160.89499,122.747435,146.3884225,49.99511875,420.6255475,0.540172245,0.993536298,49.46876075,2.15114638,45.09,2401.15655,76.807548,442.3336375,2467.201598,206.4285714,728.1,89.2,0.382136858,572.02599,5.109563,88.12,3.2
871.87957,129.93753,0.846181818,488.60909,6.83,136.075205,145.9554625,418.8499775,1.11,445.4425325,163.345505,126.1802675,140.5972125,49.980357,420.7246625,0.540750225,0.993202135,49.23260225,3.2769021,45.09,2273.472075,78.839372,448.331805,2527.637155,206.4285714,728.1,89.9,0.38243382,571.519055,5.082987975,88.75,4.3
865.79663,126.78969,0.843665868,420.298245,7.52,127.65478,130.579565,421.2685775,6.95,429.6889075,188.94597,122.8532725,132.1038625,50.341491,422.973915,0.518839743,0.99448273,48.78193975,2.2943997,50.88,2486.5561,74.2915195,431.6658425,2666.040775,217.8571429,726.3,89.9,0.36144744,574.7203275,5.08067105,88.76,3.5
125.778435,126.984965,0.849462915,494.3735625,5.86,138.9764475,141.1342375,417.12975,1.27,425.206695,187.7515625,121.799345,143.45823,49.98656325,418.5564375,0.53971399,0.993657768,49.03985775,3.484934775,50.88,2449.375725,72.96569675,426.196765,2576.866475,217.8571429,726.3,89.6,0.381248273,597.1793575,5.2857555,88.46,4.1
164.5033575,127.13465,0.84767283,483.530115,7.79,131.82681,134.8675,421.48718,4.06,433.2101825,318.3483225,113.2712025,136.66501,50.980172,421.8871175,0.531726953,0.998183758,48.14032875,3.723791275,50.88,2435.271975,67.52153525,433.5580875,1495.273275,217.8571429,726.3,89.4,0.376639175,597.527395,4.88731365,88.36,7.2
465.29358,126.8805075,0.84503278,485.03425,7.68,130.63807,135.6100075,421.34171,3.99,445.0925625,320.6458025,112.8852775,135.4339125,50.87121575,421.6982175,0.531368733,0.997405765,46.4207685,3.4634032,49.61,2397.894875,55.6936985,445.7645025,1633.700625,252.7142857,733.5,89,0.379291538,594.509445,4.87915085,87.88,7.4
766.083805,126.6263625,0.842392728,486.5383825,4.8,129.4493375,136.3525075,421.196235,3.61,456.9749425,322.9432825,112.4993275,134.202815,50.7622595,421.509325,0.531010495,0.996627773,44.7012055,3.203015175,60.06,2360.517825,43.86586025,457.9709125,1772.128025,199,726.5,89.3,0.381943905,591.4914875,4.87098785,88.18,3.2
1217.269125,126.2451475,0.838432658,488.7946175,8.55,127.6662425,137.4662625,420.9780325,6.1,474.798505,326.3894975,111.920415,132.356165,50.5988245,421.22597,0.530473155,0.995460788,42.1218635,2.812433125,49.61,2304.452325,26.12410375,476.2805275,1979.769075,252.7142857,733.5,89.3,0.385922443,586.9645725,4.858743625,88,5.2
1518.05935,125.9910025,0.835792618,490.29875,5.61,126.477515,138.2087675,420.83255,1.3,486.6808825,328.686975,111.5344875,131.1250675,50.48986825,421.03707,0.53011491,0.994682795,40.4023025,2.552045075,49.63,2267.075275,14.296266,488.486945,2118.19645,85.85714286,727,89.3,0.388574803,583.946625,4.850580675,88.22,10.6
1818.84955,125.7368625,0.833152583,491.8028825,10.1,125.28878,138.951275,420.687075,2.55,498.563245,330.9844375,111.1485375,129.893965,50.3809105,420.8481625,0.52975666,0.993904818,38.68273875,2.2916572,49.63,2229.698325,2.46842805,500.6933625,2256.623825,85.85714286,727,88.7,0.391227158,580.92868,4.8424175,87.52,3.2
2055.080125,126.79766,0.801260853,495.12775,12.28,125.426535,137.90419,423.594115,8.92,496.1712175,324.3173875,112.0664,129.8206475,49.9181215,424.12656,0.5493037,0.993839088,40.76008725,1.311605329,49.63,2211.919025,1.581121825,499.0041175,2525.331608,85.85714286,727,89,0.38413736,584.8015125,4.746893175,87.72,3.2
1793.901,124.712655,0.719126828,459.0926175,10.68,125.2368225,138.99614,421.595185,7.77,497.0225775,324.143445,111.749105,129.660615,50.00303175,422.5994375,0.53673595,0.99362765,41.269565,2.525499146,50.78,2328.07275,1.620869925,499.80544,2402.054635,118.2857143,726.5,89,0.383205268,583.8664975,0.757973858,87.85,3.2
2000.3824,126.513545,0.88328611,473.1311175,8.21,125.3461775,139.1243075,424.8974125,6.78,495.3113975,319.56046,113.82543,123.1048565,49.94780075,426.073785,0.564248055,0.993990495,41.248521,0.890242597,50.78,2218.89745,1.53548785,498.0071825,2462.074675,118.2857143,726.5,89.1,0.39080616,583.84005,1.181313,87.85,3.2
1475.04485,115.4689425,0.520917733,426.965945,4.93,125.25573,138.9807375,416.483855,1.71,490.617615,322.91795,112.891527,133.70035,50.06976775,418.126585,0.547474313,0.993776508,43.31409025,1.685082148,50.78,2458.87,1.64285035,493.35256,1898.45332,118.2857143,726.5,88.6,0.417116015,602.5669925,6.56811055,87.95,6.1
1251.92029,131.1079275,0.809936413,480.271635,6.93,137.989795,147.506545,417.1783925,6.39,490.416275,298.764495,103.982333,145.8711625,50.0042105,418.32483,0.516824863,0.99346255,49.8544855,7.980868025,46.3,2315.2919,78.00651625,492.979255,2554.64675,210.8571429,723.9,89.7,0.38056557,613.63647,5.14833655,88.62,8.5
1704.826055,130.36414,0.927226978,457.3103675,4.59,136.231415,146.3495275,419.4345825,1.61,490.636955,308.1727925,113.3218425,144.3679025,50.0760485,421.150175,0.536560675,0.993167628,50.16914975,3.57189095,46.3,2153.7115,76.9617605,492.9155675,2376.97404,210.8571429,723.9,90,0.38481394,621.533935,9.509313375,88.85,6
1534.166275,129.5765625,0.74930048,466.505145,8.27,136.9176025,148.03402,423.184805,4.9,490.4993325,160.1136125,116.1214443,145.21402,49.8775675,424.8134625,0.537513813,0.99217525,50.2653455,2.494881975,46.3,2195.1039,78.19565875,493.095235,2328.246835,210.8571429,723.9,90,0.40169821,619.95296,6.89407345,88.75,6.3
1652.429425,130.51426,0.800339778,490.4873025,9.88,135.89533,144.4995725,419.6559125,7.15,489.7777975,183.4695275,113.455485,144.05674,49.97155225,420.24717,0.542740523,0.992659373,51.259251,9.144317125,47.33,2339.78615,77.3230975,492.4423725,2229.428375,245.5714286,726.4,89.8,0.457880035,658.135265,6.13759395,88.72,10.4
1298.486628,127.8343625,0.736304925,481.503295,9.61,132.9939225,142.86001,422.055135,6.22,486.86455,184.735905,112.8463413,141.513975,49.94052675,422.669665,0.528642225,0.993045675,49.8979785,6.47211055,47.33,2325.050175,78.38883875,489.45245,2311.284798,245.5714286,726.4,89.7,0.411955778,621.0236275,6.13323185,88.62,7.4
1527.9504,131.8698925,0.687333605,477.1140125,8.76,129.9754825,137.4771875,424.162195,5.57,488.7944275,162.4801075,118.0640075,138.1525,49.70101775,425.3312275,0.531046985,0.990827905,50.1098325,6.245196175,47.33,2299.662,75.63061175,491.697855,2229.90505,245.5714286,726.4,89.9,0.506302078,619.54678,6.1753886,88.7,7
1748.029495,129.16286,0.8089833,422.3808975,8.6,134.0034475,146.2476775,415.3022775,3.37,491.9561775,160.22779,115.752965,142.132095,49.9949225,417.387095,0.526600438,0.99268928,50.3947955,3.542553325,45.69,2266.697875,75.99710625,494.471405,2410.91635,245,725.3,89.8,0.379897345,620.897405,6.051733,88.65,4.4
1882.54545,128.7040575,0.885174115,444.876875,6.29,131.1228075,143.3393325,420.29583,3.33,492.3420775,159.9341725,117.887155,139.183705,49.87290025,422.2712,0.5099752,0.992268698,51.5688445,3.25148595,45.69,2107.1713,76.8461675,494.488005,2601.183275,245,725.3,90.3,0.38595163,646.7658725,6.081180625,89.05,3.5
1397.76862,128.7805575,0.80259772,463.31217,8.46,133.8658475,148.276355,421.39039,3.97,482.3954425,161.7359125,113.2300318,141.8894025,49.9148275,422.7662775,0.528636283,0.993619988,49.838893,5.053660275,45.69,2066.905025,72.90984575,484.6999275,2311.702918,245,725.3,89.8,0.384794638,589.0212525,6.156754025,88.65,8.4
1541.948145,127.92647,0.82592222,408.43352,10.95,127.8229425,139.3202825,422.1609275,6.4,491.8769625,164.3244725,111.010495,136.3481925,49.99971025,424.36324,0.501935985,0.99202037,51.42849175,2.6783188,43.24,2324.32555,72.186022,494.393085,2378.8773,254.7142857,724.3,90.4,0.383348845,636.112765,6.121237425,89.15,4.2
1501.98475,130.8726875,0.871615275,451.91389,8.42,134.9752325,146.555145,419.7812975,3.18,487.843155,165.740575,107.8590173,142.63446,50.02666325,421.67562,0.49025237,0.993621133,51.2731405,5.623879625,43.24,2075.42715,74.9348825,490.47215,2465.273535,254.7142857,724.3,90.3,0.405313865,633.150975,6.203510925,88.65,3.2
1257.074345,130.01799,0.879995825,404.8837025,8.73,128.0453025,138.9296775,425.664505,3.99,488.1674525,160.798315,111.2982575,136.487705,49.97244275,428.246235,0.497144038,0.993437505,51.226981,1.804045683,43.24,2262.9553,74.54240475,490.7979875,2422.379533,254.7142857,724.3,90,0.400202703,570.2141075,6.1258923,88.95,5
904.8353565,128.9447525,0.870608418,458.888505,10.43,129.24991,140.0527325,421.7366525,4.82,489.7433825,160.15664,107.43054,137.7958725,49.99363375,422.1966375,0.501287238,0.993812443,50.90481125,17.53433275,43.24,2266.6927,73.0421885,492.5378075,2475.310453,254.7142857,724.3,90.7,0.380071525,594.0889375,6.1828942,89.52,5.9
1726.488325,129.3517425,0.857319065,439.08854,8.4,128.072195,140.1276925,420.5883375,4.76,486.6897675,162.04041,107.0475593,136.6678075,50.01457325,420.9613475,0.518363123,0.992129125,50.21292175,13.024607,43.24,2211.313325,72.8031295,489.3445475,2313.898723,254.7142857,724.3,90.8,0.38387108,691.650255,6.2204004,89.75,4.9
1434.387173,128.4831475,0.812467245,470.2713975,8.4,133.6283625,144.337395,423.7949075,4.76,488.9635825,160.3336125,108.3134633,142.1584375,50.3609455,424.8179225,0.510341253,0.99175466,50.52879875,3.879281575,43.24,2230.067425,73.663589,491.4415025,2304.180125,254.7142857,724.3,90.1,0.371925645,694.58595,6.215168775,89.05,9
1412.8163,129.5791325,0.843076583,420.97033,11.05,129.02956,140.1337275,423.89391,5.42,486.50215,159.79505,108.4934715,137.7712625,50.02650575,425.1182625,0.49780254,0.991904688,50.5521195,3.0083456,46.76,2289.786225,72.37798575,488.7415875,2405.046625,331.1428571,716.8,90,0.391790193,693.7405375,6.09629565,88.75,3.2
1302.334225,130.19927,0.82054455,446.75341,9.88,129.773945,140.257695,424.2642575,4.65,488.4479625,158.3443575,108.930061,138.5718725,49.958075,424.891695,0.51679902,0.990255938,49.587492,4.3069193,46.76,2381.73455,69.0392805,491.4512425,2232.573523,331.1428571,716.8,89.4,0.402172608,778.4512075,6.071952475,88.32,4.7
415.76725,128.10888,0.913251878,404.252175,9.65,124.92785,136.03505,424.5384,5.12,481.67717,163.014435,106.4584328,133.5258375,49.976971,425.5147125,0.511978203,0.990497983,48.0972845,4.086132675,46.76,2459.862525,74.679066,484.2369125,2504.416258,331.1428571,716.8,90.1,0.44540735,764.67339,6.1157949,88.82,3.2
1021.293608,127.0177875,0.82135724,451.92657,10.77,126.2059425,130.70876,422.3628975,6.62,481.235655,164.27399,109.1142568,134.8280225,50.087823,422.943145,0.51253551,0.992204923,50.69216325,7.569641225,46.76,1627.1528,74.24229375,483.6569425,2392.169503,331.1428571,716.8,89.8,0.374655128,699.60046,6.0829632,88.56,7.6
1786.6483,129.0924975,0.87882874,435.976475,9.38,126.1361425,138.85486,423.8847275,5.19,482.1148375,163.28392,108.2905625,135.095495,49.946846,424.6402775,0.516213398,0.9928553,50.18086825,4.434526425,43.42,2861.495525,75.09657475,484.20368,2507.77195,373.7142857,735.3,90.1,0.38268581,644.624115,6.0896705,88.95,6.2
1478.97988,127.4030114,0.856986446,452.9449771,9.24,126.1383229,139.3314486,424.4628429,3.77,479.7117857,161.8090143,111.6783943,134.5303143,50.02123,424.8473371,0.515352231,0.963768877,50.262114,0,55.05,3015.973114,72.31302171,482.09232,2270.991769,392,725.2,90.3,0.388932817,611.2841229,6.089562057,89.05,8.5
1864.23655,127.01962,0.84418246,461.18126,10.34,126.0765875,138.4455,423.38603,6.84,480.79868,175.40024,111.5583795,134.68512,49.92803375,423.5462325,0.493293375,0.991346673,49.61688675,11.1291831,43.42,1765.41875,72.60574075,483.055865,2324.88,373.7142857,735.3,89.9,0.380746318,706.5123725,6.09385965,88.75,5.5
1899.623375,129.20277,0.8950535,471.9121025,14.16,130.9774775,143.8013875,424.3055375,11.09,482.8222225,177.76811,107.9650648,139.44823,49.90412225,424.59842,0.518052255,0.992974063,49.94808125,4.049790825,46.58,1464.548725,72.5638775,485.12449,2399.6895,348.4285714,724.2,90.4,0.395386728,624.35101,6.0857767,89.25,3.3
1500.548398,130.51388,0.91617995,455.0886675,11.1,130.893275,142.4379075,420.4702825,5.3,468.503485,178.49226,104.1468435,139.1834075,49.98345475,421.3188175,0.490561188,0.992625245,50.50531,4.6908597,46.58,1513.164425,75.44272375,470.8757275,2384.52915,348.4285714,724.2,89.5,0.376569963,628.5386225,6.08679155,88.35,9
1675.07625,129.30568,0.92482019,448.23928,8.7,131.00851,141.93069,421.146575,3.69,471.0184625,178.1137025,107.157958,139.55474,49.9664505,422.07565,0.492274265,0.99247631,50.34428475,3.068295975,46.58,1525.3597,71.154574,473.1244925,2489.472725,348.4285714,724.2,89.7,0.37286416,627.2083375,6.117716475,88.65,5.3
967.110655,129.5446225,0.866509905,466.41936,14.31,131.0813525,142.3389525,423.9563825,12.15,472.7420975,176.30621,107.577457,139.2670725,50.0823955,424.5460375,0.509266405,0.992955223,50.459307,4.468120575,46.58,1612.27865,75.28939725,475.1214575,2392.520648,348.4285714,724.2,89.7,0.371813755,633.429735,6.085764575,88.45,3.3
1950.659225,129.9605175,0.924792603,454.9109025,13.03,131.0970025,142.8291075,425.288745,11.3,474.6002825,42.10526555,108.429355,139.4376975,50.1808525,426.059355,0.496065363,0.99202091,50.872211,2.127203875,47.19,1884.229025,72.95873075,476.7334325,2541.237663,271.4285714,725.2,89.8,0.372843018,628.821305,6.092404525,88.65,3.3
1929.79415,128.6529625,0.903465308,446.35356,11.12,130.972295,142.56758,418.248855,8.46,477.0280325,126.093415,111.6472063,139.763665,50.24774375,419.3349275,0.504925015,0.992249365,52.2137775,2.920901575,47.19,1883.0782,74.0371645,479.0158475,2551.301785,271.4285714,725.2,89.5,0.374814373,634.04252,6.043008275,88.25,4.3
1963.308525,129.157865,0.902466788,448.172485,12.24,131.0983975,141.940555,423.932695,9.45,476.5704975,126.887476,105.039895,139.7728175,50.0090715,424.56721,0.492581935,0.992600473,51.60656875,1.560696603,47.19,1876.068375,73.42866375,478.76641,2794.14105,271.4285714,725.2,89.2,0.370834785,598.0177875,6.02036565,88.05,3.2
1974.646925,128.702355,0.926916798,461.2121575,11.82,131.006955,142.8472725,424.2763025,9.09,478.88209,152.3021475,111.8599908,140.0465375,49.97705175,425.0629675,0.505198655,0.993191305,51.3357635,2.037647603,47.19,1750.662725,76.53546725,481.12927,2646.126475,271.4285714,725.2,89.2,0.396598783,568.550955,5.99837845,87.95,3.2
1788.499125,129.19032,0.87433248,437.1084475,10.96,131.0046025,142.3038025,424.5635925,5.72,478.7038925,144.6394075,104.5725545,139.67674,50.10436725,425.3908,0.489141435,0.992941358,51.416585,0.803333378,47.19,1878.54765,72.6770565,480.9849325,2588.956625,271.4285714,725.2,89.4,0.394885828,626.531005,6.054638325,88.05,3.2
1977.3156,128.4610025,0.891537505,434.992265,9.71,130.87119,142.624735,425.1336075,4.33,478.8154775,59.7783005,110.4369095,139.40269,50.0375135,426.0573375,0.491237323,0.992766225,51.1371305,0.773960779,46.72,1850.37385,75.09406875,480.8298,2555.561278,266,730,89.4,0.386030928,629.32336,6.20026595,88.12,3.6
1626.185125,130.4445075,0.903979938,462.36825,11.16,130.9452325,143.3767025,425.046425,8.33,474.774775,158.7671525,101.2482698,139.11918,50.14859375,425.1602775,0.48956631,0.992431278,50.9958725,4.0120459,46.72,1915.317275,72.244446,477.0438325,2730.23695,266,730,89.9,0.469216415,625.8769475,6.15105225,88.65,11.8
